symbol,added_time
1000000BOBUSDT,2025-09-05 19:03:35
1000000MOGUSDT,2025-09-05 19:03:35
1000BONKUSDT,2025-09-05 19:03:35
1000CATUSDT,2025-09-05 19:03:35
1000CHEEMSUSDT,2025-09-05 19:03:35
1000FLOKIUSDT,2025-09-05 19:03:35
1000LUNCUSDT,2025-09-05 19:03:35
1000PEPEUSDT,2025-09-05 19:03:35
1000RATSUSDT,2025-09-05 19:03:35
1000SATSUSDT,2025-09-05 19:03:35
1000SHIBUSDT,2025-09-05 19:03:35
1000WHYUSDT,2025-09-05 19:03:35
1000XECUSDT,2025-09-05 19:03:35
1000XUSDT,2025-09-05 19:03:35
1INCHUSDT,2025-09-05 19:03:35
1MBABYDOGEUSDT,2025-09-05 19:03:35
A2ZUSDT,2025-09-05 19:03:35
AAVEUSDT,2025-09-05 19:03:35
ACEUSDT,2025-09-05 19:03:35
ACHUSDT,2025-09-05 19:03:35
ACTUSDT,2025-09-05 19:03:35
ACXUSDT,2025-09-05 19:03:35
ADAUSDT,2025-09-05 19:03:35
AERGOUSDT,2025-09-05 19:03:35
AEROUSDT,2025-09-05 19:03:35
AEVOUSDT,2025-09-05 19:03:35
AGLDUSDT,2025-09-05 19:03:35
AGTUSDT,2025-09-05 19:03:35
AI16ZUSDT,2025-09-05 19:03:35
AINUSDT,2025-09-05 19:03:35
AIOTUSDT,2025-09-05 19:03:35
AIOUSDT,2025-09-05 19:03:35
AIUSDT,2025-09-05 19:03:35
AIXBTUSDT,2025-09-05 19:03:35
AKTUSDT,2025-09-05 19:03:35
ALCHUSDT,2025-09-05 19:03:35
ALGOUSDT,2025-09-05 19:03:35
ALICEUSDT,2025-09-05 19:03:35
ALLUSDT,2025-09-05 19:03:35
ALPHAUSDT,2025-09-05 19:03:35
ALPINEUSDT,2025-09-05 19:03:35
ALTUSDT,2025-09-05 19:03:35
ANIMEUSDT,2025-09-05 19:03:35
ANKRUSDT,2025-09-05 19:03:35
APEUSDT,2025-09-05 19:03:35
API3USDT,2025-09-05 19:03:35
APTUSDT,2025-09-05 19:03:35
ARBUSDT,2025-09-05 19:03:35
ARCUSDT,2025-09-05 19:03:35
ARIAUSDT,2025-09-05 19:03:35
ARKMUSDT,2025-09-05 19:03:35
ARKUSDT,2025-09-05 19:03:35
ARPAUSDT,2025-09-05 19:03:35
ARUSDT,2025-09-05 19:03:35
ASRUSDT,2025-09-05 19:03:35
ASTRUSDT,2025-09-05 19:03:35
ATAUSDT,2025-09-05 19:03:35
ATHUSDT,2025-09-05 19:03:35
ATOMUSDT,2025-09-05 19:03:35
AUCTIONUSDT,2025-09-05 19:03:35
AUSDT,2025-09-05 19:03:35
AVAAIUSDT,2025-09-05 19:03:35
AVAUSDT,2025-09-05 19:03:35
AVAXUSDT,2025-09-05 19:03:35
AWEUSDT,2025-09-05 19:03:35
AXLUSDT,2025-09-05 19:03:35
AXSUSDT,2025-09-05 19:03:35
B2USDT,2025-09-05 19:03:35
B3USDT,2025-09-05 19:03:35
BABYUSDT,2025-09-05 19:03:35
BAKEUSDT,2025-09-05 19:03:35
BANANAS31USDT,2025-09-05 19:03:35
BANANAUSDT,2025-09-05 19:03:35
BANDUSDT,2025-09-05 19:03:35
BANKUSDT,2025-09-05 19:03:35
BANUSDT,2025-09-05 19:03:35
BASUSDT,2025-09-05 19:03:35
BATUSDT,2025-09-05 19:03:35
BBUSDT,2025-09-05 19:03:35
BCHUSDT,2025-09-05 19:03:35
BDXNUSDT,2025-09-05 19:03:35
BEAMXUSDT,2025-09-05 19:03:35
BELUSDT,2025-09-05 19:03:35
BERAUSDT,2025-09-05 19:03:35
BICOUSDT,2025-09-05 19:03:35
BIDUSDT,2025-09-05 19:03:35
BIGTIMEUSDT,2025-09-05 19:03:35
BIOUSDT,2025-09-05 19:03:35
BLURUSDT,2025-09-05 19:03:35
BMTUSDT,2025-09-05 19:03:35
BNBUSDT,2025-09-05 19:03:35
BNTUSDT,2025-09-05 19:03:35
BOMEUSDT,2025-09-05 19:03:35
BRETTUSDT,2025-09-05 19:03:35
BROCCOLI714USDT,2025-09-05 19:03:35
BROCCOLIF3BUSDT,2025-09-05 19:03:35
BRUSDT,2025-09-05 19:03:35
BSVUSDT,2025-09-05 19:03:35
BSWUSDT,2025-09-05 19:03:35
BTCDOMUSDT,2025-09-05 19:03:35
BTCUSDT,2025-09-05 19:03:35
BTRUSDT,2025-09-05 19:03:35
BULLAUSDT,2025-09-05 19:03:35
BUSDT,2025-09-05 19:03:35
C98USDT,2025-09-05 19:03:35
CAKEUSDT,2025-09-05 19:03:35
CARVUSDT,2025-09-05 19:03:35
CATIUSDT,2025-09-05 19:03:35
CELOUSDT,2025-09-05 19:03:35
CELRUSDT,2025-09-05 19:03:35
CETUSUSDT,2025-09-05 19:03:35
CFXUSDT,2025-09-05 19:03:35
CGPTUSDT,2025-09-05 19:03:35
CHESSUSDT,2025-09-05 19:03:35
CHILLGUYUSDT,2025-09-05 19:03:35
CHRUSDT,2025-09-05 19:03:35
CHZUSDT,2025-09-05 19:03:35
CKBUSDT,2025-09-05 19:03:35
COMPUSDT,2025-09-05 19:03:35
COOKIEUSDT,2025-09-05 19:03:35
COSUSDT,2025-09-05 19:03:35
COTIUSDT,2025-09-05 19:03:35
COWUSDT,2025-09-05 19:03:35
CROSSUSDT,2025-09-05 19:03:35
CRVUSDT,2025-09-05 19:03:35
CTKUSDT,2025-09-05 19:03:35
CTSIUSDT,2025-09-05 19:03:35
CUDISUSDT,2025-09-05 19:03:35
CUSDT,2025-09-05 19:03:35
CVCUSDT,2025-09-05 19:03:35
CVXUSDT,2025-09-05 19:03:35
CYBERUSDT,2025-09-05 19:03:35
DAMUSDT,2025-09-05 19:03:35
DASHUSDT,2025-09-05 19:03:35
DEEPUSDT,2025-09-05 19:03:35
DEGENUSDT,2025-09-05 19:03:35
DEGOUSDT,2025-09-05 19:03:35
DENTUSDT,2025-09-05 19:03:35
DEXEUSDT,2025-09-05 19:03:35
DFUSDT,2025-09-05 19:03:35
DIAUSDT,2025-09-05 19:03:35
DMCUSDT,2025-09-05 19:03:35
DODOXUSDT,2025-09-05 19:03:35
DOGEUSDT,2025-09-05 19:03:35
DOGSUSDT,2025-09-05 19:03:35
DOLOUSDT,2025-09-05 19:03:35
DOODUSDT,2025-09-05 19:03:35
DOTUSDT,2025-09-05 19:03:35
DRIFTUSDT,2025-09-05 19:03:35
DUSDT,2025-09-05 19:03:35
DUSKUSDT,2025-09-05 19:03:35
DYDXUSDT,2025-09-05 19:03:35
DYMUSDT,2025-09-05 19:03:35
EDUUSDT,2025-09-05 19:03:35
EGLDUSDT,2025-09-05 19:03:35
EIGENUSDT,2025-09-05 19:03:35
ENAUSDT,2025-09-05 19:03:35
ENJUSDT,2025-09-05 19:03:35
ENSUSDT,2025-09-05 19:03:35
EPICUSDT,2025-09-05 19:03:35
EPTUSDT,2025-09-05 19:03:35
ERAUSDT,2025-09-05 19:03:35
ESPORTSUSDT,2025-09-05 19:03:35
ETCUSDT,2025-09-05 19:03:35
ETHFIUSDT,2025-09-05 19:03:35
ETHUSDT,2025-09-05 19:03:35
ETHWUSDT,2025-09-05 19:03:35
FARTCOINUSDT,2025-09-05 19:03:35
FETUSDT,2025-09-05 19:03:35
FHEUSDT,2025-09-05 19:03:35
FIDAUSDT,2025-09-05 19:03:35
FILUSDT,2025-09-05 19:03:35
FIOUSDT,2025-09-05 19:03:35
FISUSDT,2025-09-05 19:03:35
FLMUSDT,2025-09-05 19:03:35
FLOWUSDT,2025-09-05 19:03:35
FLUXUSDT,2025-09-05 19:03:35
FORMUSDT,2025-09-05 19:03:35
FORTHUSDT,2025-09-05 19:03:35
FUNUSDT,2025-09-05 19:03:35
FUSDT,2025-09-05 19:03:35
FXSUSDT,2025-09-05 19:03:35
GALAUSDT,2025-09-05 19:03:35
GASUSDT,2025-09-05 19:03:35
GHSTUSDT,2025-09-05 19:03:35
GLMUSDT,2025-09-05 19:03:35
GMTUSDT,2025-09-05 19:03:35
GMXUSDT,2025-09-05 19:03:35
GOATUSDT,2025-09-05 19:03:35
GPSUSDT,2025-09-05 19:03:35
GRASSUSDT,2025-09-05 19:03:35
GRIFFAINUSDT,2025-09-05 19:03:35
GRTUSDT,2025-09-05 19:03:35
GTCUSDT,2025-09-05 19:03:35
GUNUSDT,2025-09-05 19:03:35
GUSDT,2025-09-05 19:03:35
HAEDALUSDT,2025-09-05 19:03:35
HBARUSDT,2025-09-05 19:03:35
HEIUSDT,2025-09-05 19:03:35
HEMIUSDT,2025-09-05 19:03:35
HFTUSDT,2025-09-05 19:03:35
HIFIUSDT,2025-09-05 19:03:35
HIGHUSDT,2025-09-05 19:03:35
HIPPOUSDT,2025-09-05 19:03:35
HIVEUSDT,2025-09-05 19:03:35
HMSTRUSDT,2025-09-05 19:03:35
HOMEUSDT,2025-09-05 19:03:35
HOOKUSDT,2025-09-05 19:03:35
HOTUSDT,2025-09-05 19:03:35
HUMAUSDT,2025-09-05 19:03:35
HUSDT,2025-09-05 19:03:35
HYPERUSDT,2025-09-05 19:03:35
HYPEUSDT,2025-09-05 19:03:35
ICNTUSDT,2025-09-05 19:03:35
ICPUSDT,2025-09-05 19:03:35
ICXUSDT,2025-09-05 19:03:35
IDOLUSDT,2025-09-05 19:03:35
IDUSDT,2025-09-05 19:03:35
ILVUSDT,2025-09-05 19:03:35
IMXUSDT,2025-09-05 19:03:35
INITUSDT,2025-09-05 19:03:35
INJUSDT,2025-09-05 19:03:35
INUSDT,2025-09-05 19:03:35
IOSTUSDT,2025-09-05 19:03:35
IOTAUSDT,2025-09-05 19:03:35
IOTXUSDT,2025-09-05 19:03:35
IOUSDT,2025-09-05 19:03:35
IPUSDT,2025-09-05 19:03:35
JASMYUSDT,2025-09-05 19:03:35
JELLYJELLYUSDT,2025-09-05 19:03:35
JOEUSDT,2025-09-05 19:03:35
JSTUSDT,2025-09-05 19:03:35
JTOUSDT,2025-09-05 19:03:35
JUPUSDT,2025-09-05 19:03:35
KAIAUSDT,2025-09-05 19:03:35
KAITOUSDT,2025-09-05 19:03:35
KASUSDT,2025-09-05 19:03:35
KAVAUSDT,2025-09-05 19:03:35
KDAUSDT,2025-09-05 19:03:35
KERNELUSDT,2025-09-05 19:03:35
KMNOUSDT,2025-09-05 19:03:35
KNCUSDT,2025-09-05 19:03:35
KOMAUSDT,2025-09-05 19:03:35
KSMUSDT,2025-09-05 19:03:35
LAUSDT,2025-09-05 19:03:35
LAYERUSDT,2025-09-05 19:03:35
LDOUSDT,2025-09-05 19:03:35
LINEAUSDT,2025-09-05 19:03:35
LINKUSDT,2025-09-05 19:03:35
LISTAUSDT,2025-09-05 19:03:35
LPTUSDT,2025-09-05 19:03:35
LQTYUSDT,2025-09-05 19:03:35
LRCUSDT,2025-09-05 19:03:35
LSKUSDT,2025-09-05 19:03:35
LTCUSDT,2025-09-05 19:03:35
LUMIAUSDT,2025-09-05 19:03:35
LUNA2USDT,2025-09-05 19:03:35
MAGICUSDT,2025-09-05 19:03:35
MANAUSDT,2025-09-05 19:03:35
MANTAUSDT,2025-09-05 19:03:35
MASKUSDT,2025-09-05 19:03:35
MAVIAUSDT,2025-09-05 19:03:35
MAVUSDT,2025-09-05 19:03:35
MBOXUSDT,2025-09-05 19:03:35
MELANIAUSDT,2025-09-05 19:03:35
MEMEUSDT,2025-09-05 19:03:35
MERLUSDT,2025-09-05 19:03:35
METISUSDT,2025-09-05 19:03:35
MEUSDT,2025-09-05 19:03:35
MEWUSDT,2025-09-05 19:03:35
MILKUSDT,2025-09-05 19:03:35
MINAUSDT,2025-09-05 19:03:35
MITOUSDT,2025-09-05 19:03:35
MKRUSDT,2025-09-05 19:03:35
MLNUSDT,2025-09-05 19:03:35
MOCAUSDT,2025-09-05 19:03:35
MOODENGUSDT,2025-09-05 19:03:35
MORPHOUSDT,2025-09-05 19:03:35
MOVEUSDT,2025-09-05 19:03:35
MOVRUSDT,2025-09-05 19:03:35
MTLUSDT,2025-09-05 19:03:35
MUBARAKUSDT,2025-09-05 19:03:35
MUSDT,2025-09-05 19:03:35
MYROUSDT,2025-09-05 19:03:35
MYXUSDT,2025-09-05 19:03:35
NAORISUSDT,2025-09-05 19:03:35
NEARUSDT,2025-09-05 19:03:35
NEIROETHUSDT,2025-09-05 19:03:35
NEIROUSDT,2025-09-05 19:03:35
NEOUSDT,2025-09-05 19:03:35
NEWTUSDT,2025-09-05 19:03:35
NFPUSDT,2025-09-05 19:03:35
NILUSDT,2025-09-05 19:03:35
NKNUSDT,2025-09-05 19:03:35
NMRUSDT,2025-09-05 19:03:35
NOTUSDT,2025-09-05 19:03:35
NTRNUSDT,2025-09-05 19:03:35
NXPCUSDT,2025-09-05 19:03:35
OBOLUSDT,2025-09-05 19:03:35
OGNUSDT,2025-09-05 19:03:35
OGUSDT,2025-09-05 19:03:35
OLUSDT,2025-09-05 19:03:35
OMNIUSDT,2025-09-05 19:03:35
OMUSDT,2025-09-05 19:03:35
ONDOUSDT,2025-09-05 19:03:35
ONEUSDT,2025-09-05 19:03:35
ONGUSDT,2025-09-05 19:03:35
ONTUSDT,2025-09-05 19:03:35
OPUSDT,2025-09-05 19:03:35
ORCAUSDT,2025-09-05 19:03:35
ORDIUSDT,2025-09-05 19:03:35
OXTUSDT,2025-09-05 19:03:35
PARTIUSDT,2025-09-05 19:03:35
PAXGUSDT,2025-09-05 19:03:35
PENDLEUSDT,2025-09-05 19:03:35
PENGUUSDT,2025-09-05 19:03:35
PEOPLEUSDT,2025-09-05 19:03:35
PERPUSDT,2025-09-05 19:03:35
PHAUSDT,2025-09-05 19:03:35
PHBUSDT,2025-09-05 19:03:35
PIPPINUSDT,2025-09-05 19:03:35
PIXELUSDT,2025-09-05 19:03:35
PLAYUSDT,2025-09-05 19:03:35
PLUMEUSDT,2025-09-05 19:03:35
PNUTUSDT,2025-09-05 19:03:35
POLUSDT,2025-09-05 19:03:35
POLYXUSDT,2025-09-05 19:03:35
PONKEUSDT,2025-09-05 19:03:35
POPCATUSDT,2025-09-05 19:03:35
PORT3USDT,2025-09-05 19:03:35
PORTALUSDT,2025-09-05 19:03:35
POWRUSDT,2025-09-05 19:03:35
PROMPTUSDT,2025-09-05 19:03:35
PROMUSDT,2025-09-05 19:03:35
PROVEUSDT,2025-09-05 19:03:35
PTBUSDT,2025-09-05 19:03:35
PUFFERUSDT,2025-09-05 19:03:35
PUMPBTCUSDT,2025-09-05 19:03:35
PUMPUSDT,2025-09-05 19:03:35
PUNDIXUSDT,2025-09-05 19:03:35
PYTHUSDT,2025-09-05 19:03:35
QNTUSDT,2025-09-05 19:03:35
QTUMUSDT,2025-09-05 19:03:35
QUICKUSDT,2025-09-05 19:03:35
QUSDT,2025-09-05 19:03:35
RAREUSDT,2025-09-05 19:03:35
RAYSOLUSDT,2025-09-05 19:03:35
RDNTUSDT,2025-09-05 19:03:35
REDUSDT,2025-09-05 19:03:35
REIUSDT,2025-09-05 19:03:35
RENDERUSDT,2025-09-05 19:03:35
RESOLVUSDT,2025-09-05 19:03:35
REZUSDT,2025-09-05 19:03:35
RIFUSDT,2025-09-05 19:03:35
RLCUSDT,2025-09-05 19:03:35
RONINUSDT,2025-09-05 19:03:35
ROSEUSDT,2025-09-05 19:03:35
RPLUSDT,2025-09-05 19:03:35
RSRUSDT,2025-09-05 19:03:35
RUNEUSDT,2025-09-05 19:03:35
RVNUSDT,2025-09-05 19:03:35
SAFEUSDT,2025-09-05 19:03:35
SAGAUSDT,2025-09-05 19:03:35
SAHARAUSDT,2025-09-05 19:03:35
SANDUSDT,2025-09-05 19:03:35
SANTOSUSDT,2025-09-05 19:03:35
SAPIENUSDT,2025-09-05 19:03:35
SCRTUSDT,2025-09-05 19:03:35
SCRUSDT,2025-09-05 19:03:35
SEIUSDT,2025-09-05 19:03:35
SFPUSDT,2025-09-05 19:03:35
SHELLUSDT,2025-09-05 19:03:35
SIGNUSDT,2025-09-05 19:03:35
SIRENUSDT,2025-09-05 19:03:35
SKATEUSDT,2025-09-05 19:03:35
SKLUSDT,2025-09-05 19:03:35
SKYAIUSDT,2025-09-05 19:03:35
SLERFUSDT,2025-09-05 19:03:35
SLPUSDT,2025-09-05 19:03:35
SNXUSDT,2025-09-05 19:03:35
SOLUSDT,2025-09-05 19:03:35
SOLVUSDT,2025-09-05 19:03:35
SOMIUSDT,2025-09-05 19:03:35
SONICUSDT,2025-09-05 19:03:35
SOONUSDT,2025-09-05 19:03:35
SOPHUSDT,2025-09-05 19:03:35
SPELLUSDT,2025-09-05 19:03:35
SPKUSDT,2025-09-05 19:03:35
SPXUSDT,2025-09-05 19:03:35
SQDUSDT,2025-09-05 19:03:35
SSVUSDT,2025-09-05 19:03:35
STEEMUSDT,2025-09-05 19:03:35
STGUSDT,2025-09-05 19:03:35
STORJUSDT,2025-09-05 19:03:35
STOUSDT,2025-09-05 19:03:35
STRKUSDT,2025-09-05 19:03:35
STXUSDT,2025-09-05 19:03:35
SUIUSDT,2025-09-05 19:03:35
SUNUSDT,2025-09-05 19:03:35
SUPERUSDT,2025-09-05 19:03:35
SUSDT,2025-09-05 19:03:35
SUSHIUSDT,2025-09-05 19:03:35
SWARMSUSDT,2025-09-05 19:03:35
SWELLUSDT,2025-09-05 19:03:35
SXPUSDT,2025-09-05 19:03:35
SXTUSDT,2025-09-05 19:03:35
SYNUSDT,2025-09-05 19:03:35
SYRUPUSDT,2025-09-05 19:03:35
SYSUSDT,2025-09-05 19:03:35
TACUSDT,2025-09-05 19:03:35
TAGUSDT,2025-09-05 19:03:35
TAIKOUSDT,2025-09-05 19:03:35
TAKEUSDT,2025-09-05 19:03:35
TANSSIUSDT,2025-09-05 19:03:35
TAOUSDT,2025-09-05 19:03:35
TAUSDT,2025-09-05 19:03:35
THETAUSDT,2025-09-05 19:03:35
THEUSDT,2025-09-05 19:03:35
TIAUSDT,2025-09-05 19:03:35
TLMUSDT,2025-09-05 19:03:35
TNSRUSDT,2025-09-05 19:03:35
TOKENUSDT,2025-09-05 19:03:35
TONUSDT,2025-09-05 19:03:35
TOWNSUSDT,2025-09-05 19:03:35
TRBUSDT,2025-09-05 19:03:35
TREEUSDT,2025-09-05 19:03:35
TRUMPUSDT,2025-09-05 19:03:35
TRUUSDT,2025-09-05 19:03:35
TRXUSDT,2025-09-05 19:03:35
TSTUSDT,2025-09-05 19:03:35
TURBOUSDT,2025-09-05 19:03:35
TUSDT,2025-09-05 19:03:35
TUTUSDT,2025-09-05 19:03:35
TWTUSDT,2025-09-05 19:03:35
UMAUSDT,2025-09-05 19:03:35
UNIUSDT,2025-09-05 19:03:35
USDCUSDT,2025-09-05 19:03:35
USELESSUSDT,2025-09-05 19:03:35
USTCUSDT,2025-09-05 19:03:35
USUALUSDT,2025-09-05 19:03:35
UXLINKUSDT,2025-09-05 19:03:35
VANAUSDT,2025-09-05 19:03:35
VANRYUSDT,2025-09-05 19:03:35
VELODROMEUSDT,2025-09-05 19:03:35
VELVETUSDT,2025-09-05 19:03:35
VETUSDT,2025-09-05 19:03:35
VICUSDT,2025-09-05 19:03:35
VINEUSDT,2025-09-05 19:03:35
VIRTUALUSDT,2025-09-05 19:03:35
VOXELUSDT,2025-09-05 19:03:35
VTHOUSDT,2025-09-05 19:03:35
VVVUSDT,2025-09-05 19:03:35
WALUSDT,2025-09-05 19:03:35
WAXPUSDT,2025-09-05 19:03:35
WCTUSDT,2025-09-05 19:03:35
WIFUSDT,2025-09-05 19:03:35
WLDUSDT,2025-09-05 19:03:35
WLFIUSDT,2025-09-05 19:03:35
WOOUSDT,2025-09-05 19:03:35
WUSDT,2025-09-05 19:03:35
XAIUSDT,2025-09-05 19:03:35
XCNUSDT,2025-09-05 19:03:35
XLMUSDT,2025-09-05 19:03:35
XMRUSDT,2025-09-05 19:03:35
XNYUSDT,2025-09-05 19:03:35
XPLUSDT,2025-09-05 19:03:35
XRPUSDT,2025-09-05 19:03:35
XTZUSDT,2025-09-05 19:03:35
XVGUSDT,2025-09-05 19:03:35
XVSUSDT,2025-09-05 19:03:35
YALAUSDT,2025-09-05 19:03:35
YFIUSDT,2025-09-05 19:03:35
YGGUSDT,2025-09-05 19:03:35
ZECUSDT,2025-09-05 19:03:35
ZENUSDT,2025-09-05 19:03:35
ZEREBROUSDT,2025-09-05 19:03:35
ZETAUSDT,2025-09-05 19:03:35
ZILUSDT,2025-09-05 19:03:35
ZKJUSDT,2025-09-05 19:03:35
ZKUSDT,2025-09-05 19:03:35
ZORAUSDT,2025-09-05 19:03:35
ZRCUSDT,2025-09-05 19:03:35
ZROUSDT,2025-09-05 19:03:35
ZRXUSDT,2025-09-05 19:03:35
