timestamp,symbol,market_type,timeframe,price,ratio_percent,z_score,final_ratio,change_momentum,momentum_bars_ago,trend_direction,price_vs_supertrend
2025-09-05 19:04:25,PTBUSDT,1h,0.04837,225.54892442262448,0.9579441059698547,0.9579441059698547,0.0,40,Bullish,Above
2025-09-05 19:04:25,MUSDT,1h,1.5898,156.87236039989875,0.07721801010151763,0.07721801010151763,11.016914191737442,99,Bullish,Above
2025-09-05 19:04:25,IDOLUSDT,1h,0.03969,126.15102904359121,1.3223763523816812,1.3223763523816812,2.1601754092912415,66,Bullish,Above
2025-09-05 19:04:25,ARIAUSDT,1h,0.12421,81.23466288185281,0.8891704557006012,0.8891704557006012,0.0,43,Bullish,Above
2025-09-05 19:04:25,REDUSDT,1h,0.6661,67.34531559455725,0.5398935176834881,0.5398935176834881,14.50755735814247,14,Bullish,Above
2025-09-05 19:04:25,WLFIUSDT,1h,0.1804,-55.190779546335065,-1.6444793386313012,-1.6444793386313012,-7.5055489729793905,122,Bearish,Below
2025-09-05 19:04:25,BAKEUSDT,1h,0.0406,-50.96751033949237,-0.8242644640157025,-0.8242644640157025,-35.46742563663595,61,Bearish,Below
2025-09-05 19:04:25,DOLOUSDT,1h,0.17113,-50.39501263559995,-0.510868789408443,-0.510868789408443,-8.433029239328398,106,Bearish,Below
2025-09-05 19:04:25,LINEAUSDT,1h,0.02606,-45.332494231172646,-1.4308037512636447,-1.4308037512636447,0.0,96,Bearish,Below
2025-09-05 19:04:25,SOMIUSDT,1h,0.543,39.47063370535889,0.037069183048827836,0.037069183048827836,19.36538962998997,22,Bullish,Above
2025-09-05 19:04:25,PUMPUSDT,1h,0.004494,39.33765782222699,-0.43414614125212847,-0.43414614125212847,10.95432401255588,87,Bullish,Above
2025-09-05 19:04:25,TAKEUSDT,1h,0.14477,-38.81570327919429,-1.4632019371514233,-1.4632019371514233,0.0,42,Bearish,Below
2025-09-05 19:04:25,FORMUSDT,1h,3.715,32.01798232991868,-1.036825814625843,-1.036825814625843,5.4831565326817895,98,Bullish,Above
2025-09-05 19:04:25,TAUSDT,1h,0.13682,30.167689211487374,-1.5832199812762329,-1.5832199812762329,5.410049219870494,49,Bullish,Above
2025-09-05 19:04:25,PYTHUSDT,1h,0.14656,-25.901615387468386,-1.6577082357959794,-1.6577082357959794,-2.707775035635713,126,Bearish,Below
2025-09-05 19:04:25,CATIUSDT,1h,0.08371,-25.362524608186227,-1.7895768026113903,-1.7895768026113903,-5.038274167664589,122,Bearish,Below
2025-09-05 19:04:25,INUSDT,1h,0.05444,-24.447018064586246,-1.586938691672788,-1.586938691672788,-3.330741586584761,35,Bearish,Below
2025-09-05 19:04:25,ALPINEUSDT,1h,2.1218,22.136230637638363,0.6713553731475126,0.6713553731475126,7.247835710171607,22,Bullish,Above
2025-09-05 19:04:25,MYXUSDT,1h,1.2637,18.66543791267947,1.3090119230869728,1.3090119230869728,3.884733832093154,33,Bullish,Above
2025-09-05 19:04:25,BUSDT,1h,0.5939,-18.23859210859095,-2.066320462252964,-2.066320462252964,-3.506371037864774,97,Bearish,Below
2025-09-05 19:04:25,PARTIUSDT,1h,0.2051,18.03217313307555,0.12375434709654583,0.12375434709654583,34.62680769826391,30,Bullish,Above
2025-09-05 19:04:25,BTRUSDT,1h,0.0512,-17.99904363317757,-1.0966038780617409,-1.0966038780617409,-7.602405634250665,36,Bearish,Below
2025-09-05 19:04:25,HEMIUSDT,1h,0.032505,-17.97396146146554,-2.1281318725373577,-2.1281318725373577,-0.6798591934386806,30,Bearish,Below
2025-09-05 19:04:25,TREEUSDT,1h,0.3153,-17.89104517630787,-1.642121383810324,-1.642121383810324,-14.089321870096008,31,Bearish,Below
2025-09-05 19:04:25,HFTUSDT,1h,0.09975,17.091415971203453,0.38388017823466797,0.38388017823466797,10.463050664466131,16,Bullish,Above
2025-09-05 19:04:25,NEIROETHUSDT,1h,0.06346,-16.828453480502507,-0.9246489880320716,-0.9246489880320716,-1.425556903842505,3,Bearish,Below
2025-09-05 19:04:25,VELVETUSDT,1h,0.07352,16.64978561795147,-1.2209929627071854,-1.2209929627071854,10.001069585126885,37,Bullish,Above
2025-09-05 19:04:25,BCHUSDT,1h,610.5,15.098920969571363,1.560566523570644,1.560566523570644,26.051219641352752,105,Bullish,Above
2025-09-05 19:04:25,GPSUSDT,1h,0.01037,14.823328954647636,1.6640009113786918,1.6640009113786918,40.30637692724252,29,Bullish,Above
2025-09-05 19:04:25,SUNUSDT,1h,0.021053,-14.591122866993198,-1.8334470825001614,-1.8334470825001614,-5.087676080700817,211,Bearish,Below
2025-09-05 19:04:25,QUSDT,1h,0.008682,-14.472278296583074,-1.703289480673748,-1.703289480673748,-3.0807034873013777,7,Bearish,Below
2025-09-05 19:04:25,YALAUSDT,1h,0.1085,-14.44363786530298,-1.4436443598045354,-1.4436443598045354,-2.9469212635436506,36,Bearish,Below
2025-09-05 19:04:25,PROVEUSDT,1h,0.8477,-14.36304660353978,-1.7267072269124013,-1.7267072269124013,-10.229124269591907,39,Bearish,Below
2025-09-05 19:04:25,PLAYUSDT,1h,0.0387,-14.239776214178809,-0.19389857669978586,-0.19389857669978586,-6.010537272420059,1,Bearish,Below
2025-09-05 19:04:25,BANKUSDT,1h,0.06379,-14.020527221609152,0.76794276364359,0.76794276364359,-1.6056020220974503,44,Bearish,Below
2025-09-05 19:04:25,XPLUSDT,1h,0.6302,13.967826283992313,-1.0447842940801713,-1.0447842940801713,4.000997031060528,41,Bullish,Above
2025-09-05 19:04:25,EIGENUSDT,1h,1.346,13.858016198934195,1.1037059784425614,1.1037059784425614,6.288256252248345,12,Bullish,Above
2025-09-05 19:04:25,USELESSUSDT,1h,0.1747,13.604938933320247,1.273663903496017,1.273663903496017,4.77228263273382,5,Bullish,Above
2025-09-05 19:04:25,TAGUSDT,1h,0.0007031,-13.407941343757573,-1.5488152392066459,-1.5488152392066459,-5.531286823412337,29,Bearish,Below
2025-09-05 19:04:25,FISUSDT,1h,0.10325,-13.39556918346663,-1.1994615580318946,-1.1994615580318946,-6.278518923016229,63,Bearish,Below
2025-09-05 19:04:25,NEWTUSDT,1h,0.2541,-12.63510223784291,-1.5027113580345934,-1.5027113580345934,-17.91696976101185,28,Bearish,Below
2025-09-05 19:04:25,PUMPBTCUSDT,1h,0.03889,12.380676381389028,0.7621463548789328,0.7621463548789328,12.838962569077502,16,Bullish,Above
2025-09-05 19:04:25,TANSSIUSDT,1h,0.04108,12.24917680011109,-1.0327389555356543,-1.0327389555356543,7.735235085479793,16,Bullish,Above
2025-09-05 19:04:25,SKLUSDT,1h,0.02887,-12.221902860451909,-1.7575511169149152,-1.7575511169149152,-2.7798951603129467,110,Bearish,Below
2025-09-05 19:04:25,HIFIUSDT,1h,0.06635,12.011529548787452,-0.49089500870774094,-0.49089500870774094,14.33040332007559,24,Bullish,Above
2025-09-05 19:04:25,ESPORTSUSDT,1h,0.11091,11.921639675021762,-1.8615673166574371,-1.8615673166574371,23.895834563435514,35,Bullish,Above
2025-09-05 19:04:25,JELLYJELLYUSDT,1h,0.04125,-11.711601486507133,-0.1588582612415386,-0.1588582612415386,-11.008059770434912,3,Bearish,Below
2025-09-05 19:04:25,BIOUSDT,1h,0.14232,11.33554743689871,0.06491671242997611,0.06491671242997611,26.159944661725227,20,Bullish,Above
2025-09-05 19:04:25,B2USDT,1h,0.4089,11.23599657985968,0.48509096587852024,0.48509096587852024,10.968363471301181,29,Bullish,Above
2025-09-05 19:04:25,MERLUSDT,1h,0.14679,-11.221934778052416,-2.0142051398978533,-2.0142051398978533,-4.286957898021221,2,Bearish,Below
2025-09-05 19:04:25,PROMPTUSDT,1h,0.1758,11.079164018260558,-0.3014503742473985,-0.3014503742473985,4.625933926939638,15,Bullish,Above
2025-09-05 19:04:25,AGTUSDT,1h,0.00465,10.898128794501732,-1.4096222035954369,-1.4096222035954369,14.805503812796886,75,Bullish,Above
2025-09-05 19:04:25,TUTUSDT,1h,0.06762,-10.843999595128487,-1.2945306975281732,-1.2945306975281732,-4.389955932509501,46,Bearish,Below
2025-09-05 19:04:25,SKATEUSDT,1h,0.04338,10.621103754653587,1.759525186986963,1.759525186986963,6.069892046200344,9,Bullish,Above
2025-09-05 19:04:25,SUPERUSDT,1h,0.6034,10.403292119483394,0.5419084766204622,0.5419084766204622,6.965630878467444,18,Bullish,Above
2025-09-05 19:04:25,SANTOSUSDT,1h,1.774,-10.391420211966373,-0.7521179727882331,-0.7521179727882331,-14.943253394085481,57,Bearish,Below
2025-09-05 19:04:25,1000RATSUSDT,1h,0.02,10.000406579163371,0.8016802096661416,0.8016802096661416,5.224938855817406,11,Bullish,Above
2025-09-05 19:04:25,FHEUSDT,1h,0.05522,9.919780803178712,-0.6563808210356147,-0.6563808210356147,5.264182867219795,21,Bullish,Above
2025-09-05 19:04:25,IOUSDT,1h,0.5096,-9.83405255967695,-1.3294693973361686,-1.3294693973361686,-5.711463909689861,62,Bearish,Below
2025-09-05 19:04:25,DAMUSDT,1h,0.04359,-9.757701463176542,-1.1815211277217603,-1.1815211277217603,-5.256035073771365,37,Bearish,Below
2025-09-05 19:04:25,BASUSDT,1h,0.022822,9.125457069996031,-0.05223583572807587,-0.05223583572807587,4.061499615701912,28,Bullish,Above
2025-09-05 19:04:25,SPKUSDT,1h,0.0599,-9.051446504931704,-1.5109565414212864,-1.5109565414212864,-4.322081876983788,31,Bearish,Below
2025-09-05 19:04:25,AIOUSDT,1h,0.06679,9.000448711673169,0.3868330270336628,0.3868330270336628,7.983780489773359,22,Bullish,Above
2025-09-05 19:04:25,SPXUSDT,1h,1.1113,-8.79672304867193,-0.7964851673763387,-0.7964851673763387,-14.968351522941731,2,Bearish,Below
2025-09-05 19:04:25,HUSDT,1h,0.02993,-8.784452939337992,-1.7419636751720287,-1.7419636751720287,-31.745033881360975,2,Bearish,Below
2025-09-05 19:04:25,IOTXUSDT,1h,0.02549,-8.758716814861604,-2.049794375102958,-2.049794375102958,-4.610895162480354,76,Bearish,Below
2025-09-05 19:04:25,BBUSDT,1h,0.1379,8.748234069986529,0.16859146953720883,0.16859146953720883,1.306068790840122,11,Bullish,Above
2025-09-05 19:04:25,XNYUSDT,1h,0.007243,8.472286348502388,-1.7981521256034492,-1.7981521256034492,3.374389775479827,22,Bullish,Above
2025-09-05 19:04:25,RLCUSDT,1h,1.252,8.435472249251132,-1.6853475265009805,-1.6853475265009805,1.8841336570230993,103,Bullish,Above
2025-09-05 19:04:25,OGUSDT,1h,13.793,8.391412254001224,0.4468233111170918,0.4468233111170918,20.108496644376324,107,Bullish,Above
2025-09-05 19:04:25,TOWNSUSDT,1h,0.02294,-8.373348002082892,-1.3912923049115096,-1.3912923049115096,-3.967292070737024,31,Bearish,Below
2025-09-05 19:04:25,MKRUSDT,1h,1713.0,-8.34915583713287,-1.5509172403658482,-1.5509172403658482,-17.158344298938104,2,Bearish,Below
2025-09-05 19:04:25,AAVEUSDT,1h,301.36,-8.268521879432155,-1.616477565181041,-1.616477565181041,-5.677022546114856,34,Bearish,Below
2025-09-05 19:04:25,SAPIENUSDT,1h,0.15881,8.22462707576957,-0.13326424304845833,-0.13326424304845833,5.589818233787575,22,Bullish,Above
2025-09-05 19:04:25,TURBOUSDT,1h,0.0039694,8.172128894946509,1.193820800672348,1.193820800672348,8.053042486011925,9,Bullish,Above
2025-09-05 19:04:25,NXPCUSDT,1h,0.6364,-8.132866804121887,-1.6291457437353958,-1.6291457437353958,-4.66471156729515,69,Bearish,Below
2025-09-05 19:04:25,MITOUSDT,1h,0.18051,8.127683744661692,-1.7217654299247194,-1.7217654299247194,12.476348989230765,22,Bullish,Above
2025-09-05 19:04:25,HOMEUSDT,1h,0.040077,8.093810255831968,0.5026037735546457,0.5026037735546457,24.8976703938445,9,Bullish,Above
2025-09-05 19:04:25,OBOLUSDT,1h,0.10829,7.984473147850822,-1.5864699139831844,-1.5864699139831844,2.9614046913465586,85,Bullish,Above
2025-09-05 19:04:25,PIPPINUSDT,1h,0.01607,7.970800283027875,-0.1325118569112093,-0.1325118569112093,7.031808935800974,13,Bullish,Above
2025-09-05 19:04:25,FARTCOINUSDT,1h,0.7351,-7.937641881004436,-1.6194708304607492,-1.6194708304607492,-3.234258269411768,34,Bearish,Below
2025-09-05 19:04:25,SYRUPUSDT,1h,0.50499,7.933136338173295,0.036038539236176316,0.036038539236176316,2.843434197342404,14,Bullish,Above
2025-09-05 19:04:25,PENGUUSDT,1h,0.028672,-7.819429624855954,-1.003118480414926,-1.003118480414926,-23.095874045327186,2,Bearish,Below
2025-09-05 19:04:25,ENAUSDT,1h,0.6531,-7.718666305061067,-0.9956012810591981,-0.9956012810591981,-17.89122569247428,2,Bearish,Below
2025-09-05 19:04:25,NTRNUSDT,1h,0.09361,-7.678729377604421,-1.1950566061615089,-1.1950566061615089,-2.562165649385797,37,Bearish,Below
2025-09-05 19:04:25,GRIFFAINUSDT,1h,0.03255,7.61311010507004,-1.679881099637829,-1.679881099637829,11.233564065069373,16,Bullish,Above
2025-09-05 19:04:25,BSWUSDT,1h,0.01718,-7.5883763968197,-0.8624601868790043,-0.8624601868790043,-11.694089038405401,37,Bearish,Below
2025-09-05 19:04:25,A2ZUSDT,1h,0.005603,-7.553733144259231,-1.4848155610751013,-1.4848155610751013,-1.3956721844111755,29,Bearish,Below
2025-09-05 19:04:25,DOGSUSDT,1h,0.0001348,7.53062122023754,0.814521214941469,0.814521214941469,0.910944471925113,12,Bullish,Above
2025-09-05 19:04:25,LAUSDT,1h,0.3198,7.455574026368616,0.7185228267825428,0.7185228267825428,3.4164433539037944,11,Bullish,Above
2025-09-05 19:04:25,ICNTUSDT,1h,0.268,-7.2425319580262535,-1.6634843370189054,-1.6634843370189054,-4.394558529043664,34,Bearish,Below
2025-09-05 19:04:25,AUSDT,1h,0.4603,-7.238118747517023,-0.8147843521950408,-0.8147843521950408,-3.912170999468948,96,Bearish,Below
2025-09-05 19:04:25,AVAAIUSDT,1h,0.02304,-7.200860388551472,-1.5719799813946125,-1.5719799813946125,-19.172516177171246,2,Bearish,Below
2025-09-05 19:04:25,CHILLGUYUSDT,1h,0.04262,7.200784648416199,0.7288935084989521,0.7288935084989521,11.40402309209859,9,Bullish,Above
2025-09-05 19:04:25,1000000MOGUSDT,1h,0.831,-7.187238173086556,-1.207347761911608,-1.207347761911608,-29.831681861821366,2,Bearish,Below
2025-09-05 19:04:25,DIAUSDT,1h,0.7393,7.1788446272541675,0.8224288739294799,0.8224288739294799,5.4513529937594,13,Bullish,Above
2025-09-05 19:04:25,MANAUSDT,1h,0.3185,7.101425910499937,0.22758738023720357,0.22758738023720357,8.854933561791093,11,Bullish,Above
2025-09-05 19:04:25,TACUSDT,1h,0.00906,-7.0969367336028,-0.5547378751023059,-0.5547378751023059,-2.2199049324792526,37,Bearish,Below
2025-09-05 19:04:25,ASRUSDT,1h,2.35,-7.037466953067898,-1.1684622232551112,-1.1684622232551112,-3.382769436824489,32,Bearish,Below
2025-09-05 19:04:25,HAEDALUSDT,1h,0.13334,7.022110632468892,-0.19530556509109231,-0.19530556509109231,10.983967938570075,19,Bullish,Above
2025-09-05 19:04:25,BRUSDT,1h,0.07072,7.0082370189095675,0.7448948620119993,0.7448948620119993,12.311064837875058,13,Bullish,Above
2025-09-05 19:04:25,PUNDIXUSDT,1h,0.3077,-6.98651644438375,-0.961999112000872,-0.961999112000872,-7.445689808952267,16,Bearish,Below
2025-09-05 19:04:25,OLUSDT,1h,0.0361,-6.930440625433378,-1.6075940992997082,-1.6075940992997082,-11.671664723117573,2,Bearish,Below
2025-09-05 19:04:25,EPICUSDT,1h,1.9684,-6.687187832372092,-1.5687686276191386,-1.5687686276191386,-11.471870222552276,2,Bearish,Below
2025-09-05 19:04:25,FXSUSDT,1h,2.6466,-6.6770810692016,-0.8689092931208365,-0.8689092931208365,-1.9481882166577407,34,Bearish,Below
2025-09-05 19:04:25,ARCUSDT,1h,0.01741,-6.624538733134182,-1.230911641208134,-1.230911641208134,-19.135302682782353,2,Bearish,Below
2025-09-05 19:04:25,CUSDT,1h,0.21183,-6.578508038139471,-1.7393031064139017,-1.7393031064139017,-11.622887192781697,2,Bearish,Below
2025-09-05 19:04:25,ACTUSDT,1h,0.03488,-6.561602254140614,-1.4108973953249628,-1.4108973953249628,-8.312481394230915,35,Bearish,Below
2025-09-05 19:04:25,ZORAUSDT,1h,0.0705,-6.460597505182436,-1.1666539025459415,-1.1666539025459415,-1.9302960410190053,1,Bearish,Below
2025-09-05 19:04:25,BULLAUSDT,1h,0.06267,6.430565722952905,-0.6615860728711802,-0.6615860728711802,26.766929332450218,20,Bullish,Above
2025-09-05 19:04:25,SWARMSUSDT,1h,0.01994,6.359856941471925,-0.9740328480583395,-0.9740328480583395,8.824015645744552,15,Bullish,Above
2025-09-05 19:04:25,LDOUSDT,1h,1.1697,-6.350309511061476,-1.3086211273283084,-1.3086211273283084,-19.869029040512054,2,Bearish,Below
2025-09-05 19:04:25,AINUSDT,1h,0.10115,6.299734967255945,-1.0387205348389135,-1.0387205348389135,4.332630632599148,28,Bullish,Above
2025-09-05 19:04:25,BIDUSDT,1h,0.07824,-6.297283311252959,-1.6517996801261972,-1.6517996801261972,-3.765402283805358,1,Bearish,Below
2025-09-05 19:04:25,AERGOUSDT,1h,0.10648,-6.281791357824451,-1.3816596323099277,-1.3816596323099277,-1.0192670564644928,36,Bearish,Below
2025-09-05 19:04:25,SXTUSDT,1h,0.07218,-6.244939655276734,-1.8630270928670465,-1.8630270928670465,-7.322966043364524,17,Bearish,Below
2025-09-05 19:04:25,RONINUSDT,1h,0.4712,-6.177274445946196,-1.6148934747736026,-1.6148934747736026,-3.3831873962170604,35,Bearish,Below
2025-09-05 19:04:25,XVSUSDT,1h,6.038,-6.111116622219546,-1.410809781872354,-1.410809781872354,-2.769566336371227,96,Bearish,Below
2025-09-05 19:04:25,AEROUSDT,1h,1.1658,-6.045576209936983,-0.748111447070922,-0.748111447070922,-23.209311184064596,2,Bearish,Below
2025-09-05 19:04:25,CVXUSDT,1h,3.436,-5.9969532728838395,-1.0929748276177091,-1.0929748276177091,-21.661157017926783,2,Bearish,Below
2025-09-05 19:04:25,ZEREBROUSDT,1h,0.0187,-5.944377506244691,-1.218473630187065,-1.218473630187065,-5.644302192081213,3,Bearish,Below
2025-09-05 19:04:25,QTUMUSDT,1h,2.668,-5.937380126471171,-1.5810448990258061,-1.5810448990258061,-1.0870756043910532,21,Bearish,Below
2025-09-05 19:04:25,MORPHOUSDT,1h,1.9614,-5.917252296893305,-1.51017609602025,-1.51017609602025,-16.90214700618077,2,Bearish,Below
2025-09-05 19:04:25,ARUSDT,1h,6.558,5.877143027231993,0.2516575581853112,0.2516575581853112,0.8189564881748268,11,Bullish,Above
2025-09-05 19:04:25,PORT3USDT,1h,0.03132,-5.854194702418332,-0.678862876899844,-0.678862876899844,-3.9560669212929582,29,Bearish,Below
2025-09-05 19:04:25,RUNEUSDT,1h,1.18,-5.851982308226355,-1.5567250196741027,-1.5567250196741027,-27.456403122471777,2,Bearish,Below
2025-09-05 19:04:25,RSRUSDT,1h,0.007375,-5.755572264793537,-1.0789422145354621,-1.0789422145354621,-20.53210207081385,2,Bearish,Below
2025-09-05 19:04:25,CRVUSDT,1h,0.749,-5.745293581598788,-0.8898794300718842,-0.8898794300718842,-19.578887865627912,2,Bearish,Below
2025-09-05 19:04:25,KMNOUSDT,1h,0.05403,-5.6720233443287595,-1.2945001922193544,-1.2945001922193544,-20.496836481268154,2,Bearish,Below
2025-09-05 19:04:25,GTCUSDT,1h,0.328,-5.655419710888701,-0.8905200732452664,-0.8905200732452664,-16.14461147069146,2,Bearish,Below
2025-09-05 19:04:25,WALUSDT,1h,0.4274,-5.6458921702566425,-1.3483483209152596,-1.3483483209152596,-23.063489350686012,2,Bearish,Below
2025-09-05 19:04:25,EPTUSDT,1h,0.004194,-5.626746533626184,-1.6379064258077312,-1.6379064258077312,-2.9772104966407866,36,Bearish,Below
2025-09-05 19:04:25,SSVUSDT,1h,8.823,-5.59989036108447,-1.4833643834623766,-1.4833643834623766,-20.605336717333692,2,Bearish,Below
2025-09-05 19:04:25,CGPTUSDT,1h,0.07644,-5.5559016648315085,-1.4981537988263167,-1.4981537988263167,-21.316546997864968,2,Bearish,Below
2025-09-05 19:04:25,NOTUSDT,1h,0.001902,5.548825881254238,0.6863844545322987,0.6863844545322987,4.379652504313171,11,Bullish,Above
2025-09-05 19:04:25,RAYSOLUSDT,1h,3.2517,-5.528008786517664,-1.4585651327156601,-1.4585651327156601,-23.278908251204044,2,Bearish,Below
2025-09-05 19:04:25,BDXNUSDT,1h,0.0415,-5.512341134529535,-0.9243046331773129,-0.9243046331773129,-7.6356435612040485,35,Bearish,Below
2025-09-05 19:04:25,DOODUSDT,1h,0.0029083,5.508298773426177,-0.863941393364934,-0.863941393364934,8.672196078826815,18,Bullish,Above
2025-09-05 19:04:25,RPLUSDT,1h,6.365,-5.488432196682931,-1.581220774966693,-1.581220774966693,-19.087213161703964,2,Bearish,Below
2025-09-05 19:04:25,B3USDT,1h,0.002476,-5.4813956627290565,-1.5978535345116383,-1.5978535345116383,-16.488517730393696,2,Bearish,Below
2025-09-05 19:04:25,LINKUSDT,1h,22.17,-5.4567575582153225,-1.5223099297917042,-1.5223099297917042,-17.376455787009164,2,Bearish,Below
2025-09-05 19:04:25,NAORISUSDT,1h,0.02403,5.455986997802573,-0.8629110173548927,-0.8629110173548927,1.4160306208618039,15,Bullish,Above
2025-09-05 19:04:25,SYSUSDT,1h,0.03833,-5.401482379870268,-1.4027687214032833,-1.4027687214032833,-25.33944785427822,2,Bearish,Below
2025-09-05 19:04:25,LQTYUSDT,1h,0.7904,-5.3770897181143456,-1.4448380569365615,-1.4448380569365615,-18.332718718496835,2,Bearish,Below
2025-09-05 19:04:25,NKNUSDT,1h,0.02537,-5.323837741333488,-1.2728538898839064,-1.2728538898839064,-17.652596279582305,2,Bearish,Below
2025-09-05 19:04:25,MANTAUSDT,1h,0.1962,-5.20648640443814,-0.7885867116704582,-0.7885867116704582,-21.916805373476635,2,Bearish,Below
2025-09-05 19:04:25,SOONUSDT,1h,0.27804,-5.183936495313035,-1.3789537562943721,-1.3789537562943721,-15.778283751395385,1,Bearish,Below
2025-09-05 19:04:25,METISUSDT,1h,14.68,-5.161327803876255,-1.6729042306204094,-1.6729042306204094,-19.44008875295406,2,Bearish,Below
2025-09-05 19:04:25,COOKIEUSDT,1h,0.1174,5.140384545124459,-0.6196575124373329,-0.6196575124373329,1.2804183124929622,12,Bullish,Above
2025-09-05 19:04:25,CHRUSDT,1h,0.0964,5.135598614774268,-1.4839759970997037,-1.4839759970997037,2.6076606505640143,14,Bullish,Above
2025-09-05 19:04:25,AWEUSDT,1h,0.05106,5.1303207867925265,-1.1164338624231174,-1.1164338624231174,2.8312681124300667,20,Bullish,Above
2025-09-05 19:04:25,INJUSDT,1h,12.645,-5.129010388791937,-0.4184621923652359,-0.4184621923652359,-20.41968998839217,2,Bearish,Below
2025-09-05 19:04:25,COWUSDT,1h,0.3292,-5.097579961593488,-1.5168096396130353,-1.5168096396130353,-21.04550230274303,2,Bearish,Below
2025-09-05 19:04:25,ETHUSDT,1h,4273.64,-5.0723362992544585,-1.3850160133450007,-1.3850160133450007,-24.68115349374279,2,Bearish,Below
2025-09-05 19:04:25,HIPPOUSDT,1h,0.00169,-5.058953154271706,-1.1171584077128043,-1.1171584077128043,-18.705949193416046,2,Bearish,Below
2025-09-05 19:04:25,CELRUSDT,1h,0.00753,-5.028037741622907,-1.0702244737829536,-1.0702244737829536,-25.038161804674907,2,Bearish,Below
2025-09-05 19:04:25,ALICEUSDT,1h,0.353,-5.009808810703886,-1.2045301395733052,-1.2045301395733052,-21.075563978586302,2,Bearish,Below
2025-09-05 19:04:25,MUBARAKUSDT,1h,0.02712,-5.00525809640255,-1.2040872865943222,-1.2040872865943222,-19.52467085516485,2,Bearish,Below
2025-09-05 19:04:25,GUNUSDT,1h,0.02141,-4.985804172412434,-1.6135750054153106,-1.6135750054153106,-19.168503433269684,2,Bearish,Below
2025-09-05 19:04:25,TRUUSDT,1h,0.02845,-4.980836926060679,-1.3714708088433532,-1.3714708088433532,-23.5722142250265,2,Bearish,Below
2025-09-05 19:04:25,TLMUSDT,1h,0.004182,-4.952537660379919,-1.2120999770364733,-1.2120999770364733,-22.1742366052085,2,Bearish,Below
2025-09-05 19:04:25,ACXUSDT,1h,0.1353,-4.950718288690821,-1.6149343930004647,-1.6149343930004647,-20.88728662058621,2,Bearish,Below
2025-09-05 19:04:25,BERAUSDT,1h,2.252,4.925443115000359,-1.8126612294428883,-1.8126612294428883,9.080486024719882,19,Bullish,Above
2025-09-05 19:04:25,SKYAIUSDT,1h,0.04466,4.879365401697301,-1.4291020701223034,-1.4291020701223034,15.174038396365809,16,Bullish,Above
2025-09-05 19:04:25,ZKJUSDT,1h,0.1795,-4.8681476720179475,-1.3062030112026926,-1.3062030112026926,-5.348026096191845,35,Bearish,Below
2025-09-05 19:04:25,SYNUSDT,1h,0.1176,-4.8563340270903215,-1.3014400362629606,-1.3014400362629606,-20.80304526232966,2,Bearish,Below
2025-09-05 19:04:25,NILUSDT,1h,0.2667,4.853615688010569,-0.3522970049182366,-0.3522970049182366,4.44334397287286,9,Bullish,Above
2025-09-05 19:04:25,AXLUSDT,1h,0.2959,-4.840912184932437,-0.9271203481284752,-0.9271203481284752,-17.381385457445155,2,Bearish,Below
2025-09-05 19:04:25,BRETTUSDT,1h,0.04456,-4.817960436390909,-0.6931916824832508,-0.6931916824832508,-20.259737319285968,2,Bearish,Below
2025-09-05 19:04:25,STOUSDT,1h,0.07836,-4.804972458430942,-1.128612933965087,-1.128612933965087,-18.70894404248054,2,Bearish,Below
2025-09-05 19:04:25,PENDLEUSDT,1h,4.5835,-4.7433511142369,-0.6525980120508471,-0.6525980120508471,-21.817760930695584,2,Bearish,Below
2025-09-05 19:04:25,BLURUSDT,1h,0.07479,-4.73093254582991,-0.9591950870448706,-0.9591950870448706,-23.55617236566532,2,Bearish,Below
2025-09-05 19:04:25,ARBUSDT,1h,0.4867,-4.701845789162961,-1.0024948821406199,-1.0024948821406199,-23.48884588806694,2,Bearish,Below
2025-09-05 19:04:25,PHBUSDT,1h,0.5389,4.693743282019263,-0.8728512010481165,-0.8728512010481165,3.4845971850303528,14,Bullish,Above
2025-09-05 19:04:25,BABYUSDT,1h,0.0447,-4.6856545402649825,-1.123821658304789,-1.123821658304789,-24.660225605736017,2,Bearish,Below
2025-09-05 19:04:25,PIXELUSDT,1h,0.02838,-4.683356949028754,-1.2210421989461728,-1.2210421989461728,-23.853935588926817,2,Bearish,Below
2025-09-05 19:04:25,XAIUSDT,1h,0.04588,-4.682895247372587,-1.0515145599271112,-1.0515145599271112,-25.391494922408206,2,Bearish,Below
2025-09-05 19:04:25,REZUSDT,1h,0.01113,-4.654247888607898,-0.7914057437860424,-0.7914057437860424,-19.161133905051543,2,Bearish,Below
2025-09-05 19:04:25,AI16ZUSDT,1h,0.0905,4.6449550712665495,-0.06821662925417461,-0.06821662925417461,7.142653218483389,9,Bullish,Above
2025-09-05 19:04:25,AEVOUSDT,1h,0.08638,-4.636398090484577,-1.041042366232945,-1.041042366232945,-24.285029351920848,2,Bearish,Below
2025-09-05 19:04:25,ENJUSDT,1h,0.06564,-4.620954265722036,-1.4730608104021243,-1.4730608104021243,-22.915447296182982,2,Bearish,Below
2025-09-05 19:04:25,TNSRUSDT,1h,0.1119,-4.603937558355045,-1.2830191383565874,-1.2830191383565874,-24.94427056603896,2,Bearish,Below
2025-09-05 19:04:25,SNXUSDT,1h,0.662,-4.510730833447493,-0.7960693248066483,-0.7960693248066483,-18.892931022832308,2,Bearish,Below
2025-09-05 19:04:25,IMXUSDT,1h,0.5114,-4.502754308068533,-0.720769932753222,-0.720769932753222,-19.846272873386596,2,Bearish,Below
2025-09-05 19:04:25,LRCUSDT,1h,0.09958,-4.493811643090692,-1.0560057757233643,-1.0560057757233643,-1.0985049165282774,0,Bearish,Below
2025-09-05 19:04:25,ALCHUSDT,1h,0.09173,-4.48885823394808,-1.4393821913322866,-1.4393821913322866,-6.257399632037611,2,Bearish,Below
2025-09-05 19:04:25,FUSDT,1h,0.006495,4.486938789601093,-1.1968767396256912,-1.1968767396256912,9.449313325625617,23,Bullish,Above
2025-09-05 19:04:25,ERAUSDT,1h,0.695,-4.485775461618223,-1.2413020248402906,-1.2413020248402906,-21.189903077844505,2,Bearish,Below
2025-09-05 19:04:25,ONEUSDT,1h,0.00999,-4.482571628015733,-1.563556145086202,-1.563556145086202,-20.994093161216966,2,Bearish,Below
2025-09-05 19:04:25,SOLVUSDT,1h,0.04222,-4.457091115075435,-0.9084079223239182,-0.9084079223239182,-10.233992587427721,8,Bearish,Below
2025-09-05 19:04:25,MEWUSDT,1h,0.002681,-4.447775244974079,-1.3337312266019694,-1.3337312266019694,-26.706286536924104,2,Bearish,Below
2025-09-05 19:04:25,SLERFUSDT,1h,0.07897,-4.444927867085516,-1.045344532295079,-1.045344532295079,-21.892157164802676,2,Bearish,Below
2025-09-05 19:04:25,BANANAUSDT,1h,18.498,-4.4394509446451185,-1.5373757387820486,-1.5373757387820486,-20.120002233698152,2,Bearish,Below
2025-09-05 19:04:25,VVVUSDT,1h,2.668,-4.435818743413825,-0.999205059915907,-0.999205059915907,-19.868925328160955,2,Bearish,Below
2025-09-05 19:04:25,ORDIUSDT,1h,8.689,-4.423526987908755,-0.9212059999258306,-0.9212059999258306,-19.757637781529198,2,Bearish,Below
2025-09-05 19:04:25,UNIUSDT,1h,9.341,-4.416373266717795,-1.3752325826681995,-1.3752325826681995,-21.680698504428953,2,Bearish,Below
2025-09-05 19:04:25,BANUSDT,1h,0.09681,-4.407389982910405,-0.39559033806820865,-0.39559033806820865,-3.5728788068493174,6,Bearish,Below
2025-09-05 19:04:25,VELODROMEUSDT,1h,0.04846,-4.3850763211466655,-1.4477323098469612,-1.4477323098469612,-26.32262567794671,2,Bearish,Below
2025-09-05 19:04:25,PONKEUSDT,1h,0.09388,-4.373017853270292,-0.5021053603146222,-0.5021053603146222,-21.163020921377196,2,Bearish,Below
2025-09-05 19:04:25,ETHWUSDT,1h,1.5323,-4.373001013658602,-1.2717559968273662,-1.2717559968273662,-20.4878144591436,2,Bearish,Below
2025-09-05 19:04:25,ETHFIUSDT,1h,1.1333,4.340646045733564,-0.4468657277614418,-0.4468657277614418,3.4800047703911545,11,Bullish,Above
2025-09-05 19:04:25,POPCATUSDT,1h,0.2395,-4.322864198330866,-0.8032627031569566,-0.8032627031569566,-21.346591595566018,2,Bearish,Below
2025-09-05 19:04:25,ENSUSDT,1h,22.05,-4.302317694050725,-1.3255197149520275,-1.3255197149520275,-21.83115598621019,2,Bearish,Below
2025-09-05 19:04:25,ONDOUSDT,1h,0.9073,-4.272052440997022,-1.5136538267433708,-1.5136538267433708,-23.22178539380959,2,Bearish,Below
2025-09-05 19:04:25,1000BONKUSDT,1h,0.019931,-4.251036577951563,-0.2409519041768036,-0.2409519041768036,-24.931228692534553,2,Bearish,Below
2025-09-05 19:04:25,FLUXUSDT,1h,0.1955,-4.2497789189147355,-0.9858453213347517,-0.9858453213347517,-20.545250743754217,2,Bearish,Below
2025-09-05 19:04:25,ANIMEUSDT,1h,0.01469,-4.235439851170074,-1.6729658806537084,-1.6729658806537084,-22.305265370971682,2,Bearish,Below
2025-09-05 19:04:25,PERPUSDT,1h,0.252,-4.232536649025436,-1.6878638515426154,-1.6878638515426154,-21.28365490902894,2,Bearish,Below
2025-09-05 19:04:25,HOOKUSDT,1h,0.10451,-4.231803134841665,-0.8716119461989678,-0.8716119461989678,-17.98004028541095,2,Bearish,Below
2025-09-05 19:04:25,MINAUSDT,1h,0.1767,-4.211128311777504,-1.3069370366040218,-1.3069370366040218,-23.234592501044446,2,Bearish,Below
2025-09-05 19:04:25,USUALUSDT,1h,0.05853,4.208615198107842,-0.05558514790618636,-0.05558514790618636,11.21654542567687,9,Bullish,Above
2025-09-05 19:04:25,XVGUSDT,1h,0.005446,-4.193151139089148,-1.071653377866538,-1.071653377866538,-18.586379405206728,2,Bearish,Below
2025-09-05 19:04:25,THETAUSDT,1h,0.773,-4.180955929858525,-0.8919762037363287,-0.8919762037363287,-21.94741319588575,2,Bearish,Below
2025-09-05 19:04:25,DMCUSDT,1h,0.003388,4.175988132838198,-1.3205450471830213,-1.3205450471830213,3.5347612710336165,14,Bullish,Above
2025-09-05 19:04:25,KASUSDT,1h,0.08181,-4.173224462242312,-1.0063026389844003,-1.0063026389844003,-21.436595548084433,2,Bearish,Below
2025-09-05 19:04:25,OMUSDT,1h,0.20388,-4.159847876449697,-0.9682608899310828,-0.9682608899310828,-18.08930266746838,2,Bearish,Below
2025-09-05 19:04:25,NFPUSDT,1h,0.06145,-4.139768368011864,-0.9217445640366724,-0.9217445640366724,-22.023051138697816,2,Bearish,Below
2025-09-05 19:04:25,DUSKUSDT,1h,0.06184,-4.109655512092669,-0.9545946237989841,-0.9545946237989841,-23.40597503301172,2,Bearish,Below
2025-09-05 19:04:25,RDNTUSDT,1h,0.02013,-4.104879436232072,-1.1360770412223984,-1.1360770412223984,-23.348683430382565,2,Bearish,Below
2025-09-05 19:04:25,ARKMUSDT,1h,0.4678,-4.100783311401939,-0.6378637076667769,-0.6378637076667769,-18.697014944508062,2,Bearish,Below
2025-09-05 19:04:25,ORCAUSDT,1h,2.209,-4.096018085777771,-1.4526995839368055,-1.4526995839368055,-20.836298847113483,2,Bearish,Below
2025-09-05 19:04:25,UMAUSDT,1h,1.329,-4.077532709718536,-1.5368286559521922,-1.5368286559521922,-17.13813416663048,2,Bearish,Below
2025-09-05 19:04:25,SLPUSDT,1h,0.001683,-4.074843710539498,-1.1885685306332776,-1.1885685306332776,-22.307760024840043,2,Bearish,Below
2025-09-05 19:04:25,SOLUSDT,1h,202.8,-4.063622330822411,-1.1645046708214697,-1.1645046708214697,-23.170150423092544,2,Bearish,Below
2025-09-05 19:04:25,IOTAUSDT,1h,0.1826,-4.034852562446015,-1.0570328451630506,-1.0570328451630506,-20.94682091817478,2,Bearish,Below
2025-09-05 19:04:25,CTKUSDT,1h,0.3214,-4.031773761716695,-1.1279961114639876,-1.1279961114639876,-21.950874429165495,2,Bearish,Below
2025-09-05 19:04:25,FLOWUSDT,1h,0.395,-4.023269979251945,-1.4553256240318762,-1.4553256240318762,-3.3285431643728955,0,Bearish,Below
2025-09-05 19:04:25,PNUTUSDT,1h,0.20594,4.016388997713841,-0.10624271901060063,-0.10624271901060063,10.848959161413575,9,Bullish,Above
2025-09-05 19:04:25,AIOTUSDT,1h,1.5881,4.015829346471811,0.614153890008058,0.614153890008058,6.955845570867687,6,Bullish,Above
2025-09-05 19:04:25,NEOUSDT,1h,6.431,-4.0152884930820285,-1.234707796842274,-1.234707796842274,-18.05351469102805,2,Bearish,Below
2025-09-05 19:04:25,DYMUSDT,1h,0.2044,-4.013134499230933,-1.1100658738443916,-1.1100658738443916,-22.33404152658894,2,Bearish,Below
2025-09-05 19:04:25,HYPEUSDT,1h,46.524,4.011468114646913,0.36614512003408445,0.36614512003408445,5.402604829341364,9,Bullish,Above
2025-09-05 19:04:25,ACEUSDT,1h,0.4927,-3.9999976090804337,-1.5039501394559531,-1.5039501394559531,-22.754978155862737,2,Bearish,Below
2025-09-05 19:04:25,SAHARAUSDT,1h,0.08993,-3.989142811148995,-1.843297897610722,-1.843297897610722,-5.232610891090239,26,Bearish,Below
2025-09-05 19:04:25,AIXBTUSDT,1h,0.1025,3.9850206354471682,-0.8798766010845982,-0.8798766010845982,0.9612721992669719,13,Bullish,Above
2025-09-05 19:04:25,GRASSUSDT,1h,0.7082,-3.9849864157013757,-1.0397483516582184,-1.0397483516582184,-22.248162918400986,2,Bearish,Below
2025-09-05 19:04:25,KAITOUSDT,1h,0.9607,-3.9827139494658104,-1.9722538353481935,-1.9722538353481935,-1.8229082248435091,0,Bearish,Below
2025-09-05 19:04:25,BOMEUSDT,1h,0.001894,-3.97841793051332,-0.4548920670600677,-0.4548920670600677,-22.735011162720326,2,Bearish,Below
2025-09-05 19:04:25,DODOXUSDT,1h,0.043552,-3.975871409275223,-1.4953373760774231,-1.4953373760774231,-22.675329382542998,2,Bearish,Below
2025-09-05 19:04:25,TOKENUSDT,1h,0.0126,3.9726067430071184,-0.023610170659311293,-0.023610170659311293,13.127784967971095,9,Bullish,Above
2025-09-05 19:04:25,BNTUSDT,1h,0.72912,-3.9679353659083203,-1.2339717649324031,-1.2339717649324031,-27.185462727098788,2,Bearish,Below
2025-09-05 19:04:25,CETUSUSDT,1h,0.08953,-3.9588815759797074,-0.6100281133507125,-0.6100281133507125,-20.806197025618374,2,Bearish,Below
2025-09-05 19:04:25,MOVEUSDT,1h,0.1147,-3.949525110964757,-1.1801825838784292,-1.1801825838784292,-4.633749830391849,35,Bearish,Below
2025-09-05 19:04:25,EGLDUSDT,1h,13.777,-3.9346335436832707,-1.2728656368720663,-1.2728656368720663,-22.15705398113375,2,Bearish,Below
2025-09-05 19:04:25,LUMIAUSDT,1h,0.3033,3.9344934040926773,-0.6528195466434221,-0.6528195466434221,5.139328881560779,14,Bullish,Above
2025-09-05 19:04:25,SUSHIUSDT,1h,0.7539,-3.913544610807793,-0.6690700831821954,-0.6690700831821954,-20.436805639658374,2,Bearish,Below
2025-09-05 19:04:25,ETCUSDT,1h,20.287,-3.911121147034057,-1.0181312056181584,-1.0181312056181584,-17.802767048880426,2,Bearish,Below
2025-09-05 19:04:25,SAGAUSDT,1h,0.2334,-3.909200227594325,-1.0365298577477815,-1.0365298577477815,-20.18185088574763,2,Bearish,Below
2025-09-05 19:04:25,DFUSDT,1h,0.02666,-3.9049005368391634,-1.2135278965328964,-1.2135278965328964,-23.07200534718718,2,Bearish,Below
2025-09-05 19:04:25,BELUSDT,1h,0.235,-3.898888057976869,-1.2751956343043147,-1.2751956343043147,-21.439687416701332,2,Bearish,Below
2025-09-05 19:04:25,SUIUSDT,1h,3.3609,3.877076380600127,-0.4839684160350947,-0.4839684160350947,3.0988527257861165,13,Bullish,Above
2025-09-05 19:04:25,PLUMEUSDT,1h,0.07958,-3.8634150376842236,-1.3166136266031956,-1.3166136266031956,-5.044793085185127,34,Bearish,Below
2025-09-05 19:04:25,ZKUSDT,1h,0.05573,-3.862005913980418,-0.7285680545548114,-0.7285680545548114,-21.935365763742162,2,Bearish,Below
2025-09-05 19:04:25,DEEPUSDT,1h,0.12973,-3.8477475675561377,-1.3781579675634767,-1.3781579675634767,-21.27605854684647,2,Bearish,Below
2025-09-05 19:04:25,GMXUSDT,1h,14.061,-3.8455078764837003,-1.444192394530739,-1.444192394530739,-18.63097712402908,2,Bearish,Below
2025-09-05 19:04:25,CROSSUSDT,1h,0.21396,3.837288243298594,-0.23944299855713813,-0.23944299855713813,1.88793431506884,15,Bullish,Above
2025-09-05 19:04:25,PUFFERUSDT,1h,0.20267,-3.814208141668506,-1.6661628099858976,-1.6661628099858976,-1.3589127632978588,1,Bearish,Below
2025-09-05 19:04:25,WOOUSDT,1h,0.06606,-3.8107088566986116,-1.4178285318477977,-1.4178285318477977,-22.717769143904732,2,Bearish,Below
2025-09-05 19:04:25,ATHUSDT,1h,0.03008,-3.80352784665196,-1.006032575778437,-1.006032575778437,-27.479703392528187,2,Bearish,Below
2025-09-05 19:04:25,WUSDT,1h,0.07622,-3.799946093988577,-0.8709769564240283,-0.8709769564240283,-17.33843071333736,2,Bearish,Below
2025-09-05 19:04:25,XRPUSDT,1h,2.8095,-3.7818016520291735,-0.8886056569970765,-0.8886056569970765,-23.36304688759229,2,Bearish,Below
2025-09-05 19:04:25,GHSTUSDT,1h,0.4294,-3.7715948346338504,-1.2361420054645254,-1.2361420054645254,-25.440159882745178,2,Bearish,Below
2025-09-05 19:04:25,DRIFTUSDT,1h,0.5366,-3.767488318299572,-0.8742494129284685,-0.8742494129284685,-21.67042805729463,2,Bearish,Below
2025-09-05 19:04:25,TONUSDT,1h,3.0804,-3.7566113798259138,-1.9483770440683292,-1.9483770440683292,-8.204659154244375,31,Bearish,Below
2025-09-05 19:04:25,ONTUSDT,1h,0.134,-3.7535329248145612,-1.4163430825772347,-1.4163430825772347,-19.34512693697971,2,Bearish,Below
2025-09-05 19:04:25,1000FLOKIUSDT,1h,0.08969,-3.7468707569296926,-0.6419448060933163,-0.6419448060933163,-21.659015514158163,2,Bearish,Below
2025-09-05 19:04:25,ROSEUSDT,1h,0.02393,-3.7426461040315733,-0.8064433426090839,-0.8064433426090839,-20.625680588991777,2,Bearish,Below
2025-09-05 19:04:25,WCTUSDT,1h,0.2841,-3.74264013419822,-1.4594746042966258,-1.4594746042966258,-19.898398553882565,2,Bearish,Below
2025-09-05 19:04:25,LTCUSDT,1h,112.02,-3.7341201139233853,-0.5940209463190529,-0.5940209463190529,-23.11776975322205,2,Bearish,Below
2025-09-05 19:04:25,DYDXUSDT,1h,0.589,-3.725458380841312,-0.11194173718385986,-0.11194173718385986,-23.061581406164898,2,Bearish,Below
2025-09-05 19:04:25,YGGUSDT,1h,0.1489,-3.7200413752596475,-1.4381893014464204,-1.4381893014464204,-21.504211129665222,2,Bearish,Below
2025-09-05 19:04:25,CKBUSDT,1h,0.004747,-3.7125760704387987,-1.255157992057861,-1.255157992057861,-18.58539342657449,2,Bearish,Below
2025-09-05 19:04:25,MYROUSDT,1h,0.02187,3.7015483579374426,-0.5630136679900851,-0.5630136679900851,11.511041589824394,9,Bullish,Above
2025-09-05 19:04:25,POWRUSDT,1h,0.1562,-3.7010055860126188,-1.4894053696472682,-1.4894053696472682,-25.355283615817008,2,Bearish,Below
2025-09-05 19:04:25,ALLUSDT,1h,1.0338,-3.6863005571920753,-1.0763434689361033,-1.0763434689361033,-25.224693551398587,2,Bearish,Below
2025-09-05 19:04:25,SCRUSDT,1h,0.3284,-3.685169020038797,-0.22035905553063978,-0.22035905553063978,-22.82120018339902,2,Bearish,Below
2025-09-05 19:04:25,SQDUSDT,1h,0.07893,-3.6830112981685925,-0.2716352188563846,-0.2716352188563846,-16.208927946984275,2,Bearish,Below
2025-09-05 19:04:25,KDAUSDT,1h,0.3488,3.6824955690558068,-0.8711228506158596,-0.8711228506158596,3.1794696412071417,13,Bullish,Above
2025-09-05 19:04:25,IDUSDT,1h,0.15536,-3.6783120815833357,-1.40801945723955,-1.40801945723955,-20.403123261060266,2,Bearish,Below
2025-09-05 19:04:25,DEXEUSDT,1h,7.217,-3.662133788990695,-0.32264785226374026,-0.32264785226374026,-5.247117629463936,71,Bearish,Below
2025-09-05 19:04:25,BATUSDT,1h,0.1497,-3.6545911394315946,-1.1620854562883074,-1.1620854562883074,-19.578692629636187,2,Bearish,Below
2025-09-05 19:04:25,AGLDUSDT,1h,0.6586,-3.6350436118698823,-1.3539625272193139,-1.3539625272193139,-23.180703283310116,2,Bearish,Below
2025-09-05 19:04:25,JASMYUSDT,1h,0.01393,-3.629476057678123,-1.0610886434774767,-1.0610886434774767,-18.74554589927655,2,Bearish,Below
2025-09-05 19:04:25,COSUSDT,1h,0.00324,-3.627495672322349,-1.539792741079766,-1.539792741079766,-25.135775217115615,2,Bearish,Below
2025-09-05 19:04:25,GRTUSDT,1h,0.08795,-3.625217256998005,-0.8843925451553056,-0.8843925451553056,-21.336493866643266,2,Bearish,Below
2025-09-05 19:04:25,BMTUSDT,1h,0.06132,-3.6238408920534155,-1.5623272466038638,-1.5623272466038638,-21.51408618176427,2,Bearish,Below
2025-09-05 19:04:25,INITUSDT,1h,0.3201,3.6088378915439923,-0.7377802337808075,-0.7377802337808075,3.1476672244118546,11,Bullish,Above
2025-09-05 19:04:25,ZROUSDT,1h,1.8172,-3.600682397307802,-0.963897561271484,-0.963897561271484,-23.494430826156872,2,Bearish,Below
2025-09-05 19:04:25,MBOXUSDT,1h,0.05482,-3.599624276743226,-1.4515820287850874,-1.4515820287850874,-21.757786046638415,2,Bearish,Below
2025-09-05 19:04:25,VOXELUSDT,1h,0.05475,-3.5850826889765304,-1.1649328613025047,-1.1649328613025047,-16.657347041159547,2,Bearish,Below
2025-09-05 19:04:25,SAFEUSDT,1h,0.4163,-3.579048067450595,-1.3169498521282075,-1.3169498521282075,-22.935955349702773,2,Bearish,Below
2025-09-05 19:04:25,MOODENGUSDT,1h,0.12914,-3.5706833835118412,-1.2081223800247156,-1.2081223800247156,-20.768065749331626,2,Bearish,Below
2025-09-05 19:04:25,ZRCUSDT,1h,0.02478,3.5692176080487443,-1.334507800191638,-1.334507800191638,16.210981709947873,16,Bullish,Above
2025-09-05 19:04:25,KNCUSDT,1h,0.3656,-3.5597635826101315,-1.284892123307692,-1.284892123307692,-22.910708695610545,2,Bearish,Below
2025-09-05 19:04:25,TAIKOUSDT,1h,0.3965,-3.55647510146138,-0.9294836000034231,-0.9294836000034231,-22.891729588456023,2,Bearish,Below
2025-09-05 19:04:25,COTIUSDT,1h,0.04858,-3.550955186454166,-1.2232998129973145,-1.2232998129973145,-16.80966949945733,2,Bearish,Below
2025-09-05 19:04:25,ALGOUSDT,1h,0.2291,-3.5270810381005124,-1.1057314011293184,-1.1057314011293184,-23.81701435715408,2,Bearish,Below
2025-09-05 19:04:25,THEUSDT,1h,0.3297,-3.527014906216483,-1.1670898053944887,-1.1670898053944887,-22.01490598519836,2,Bearish,Below
2025-09-05 19:04:25,SANDUSDT,1h,0.28091,3.525393204128465,0.11387392750655453,0.11387392750655453,11.755884756057554,9,Bullish,Above
2025-09-05 19:04:25,BEAMXUSDT,1h,0.007051,-3.5108342765314235,-1.0490372817831888,-1.0490372817831888,-16.74383761368619,2,Bearish,Below
2025-09-05 19:04:25,DEGOUSDT,1h,1.275,3.5092213997700177,0.009432968406740449,0.009432968406740449,7.344753734134613,12,Bullish,Above
2025-09-05 19:04:25,HIGHUSDT,1h,0.5009,-3.495167198289185,-1.5549359674788987,-1.5549359674788987,-21.016320982717588,2,Bearish,Below
2025-09-05 19:04:25,AKTUSDT,1h,1.086,-3.491421904419683,-1.555092293163172,-1.555092293163172,-26.909889261961936,2,Bearish,Below
2025-09-05 19:04:25,ARPAUSDT,1h,0.02164,-3.484532367696692,-1.4933780087591864,-1.4933780087591864,-21.08157736751761,2,Bearish,Below
2025-09-05 19:04:25,SEIUSDT,1h,0.2894,3.474638400771921,-0.0961889301562575,-0.0961889301562575,12.18353630697468,9,Bullish,Above
2025-09-05 19:04:25,MLNUSDT,1h,7.735,-3.474323511287981,-1.1680873431414909,-1.1680873431414909,-21.157947881830246,2,Bearish,Below
2025-09-05 19:04:25,HMSTRUSDT,1h,0.0006745,-3.464576896074681,-0.9865309367664392,-0.9865309367664392,-20.35764793392346,2,Bearish,Below
2025-09-05 19:04:25,MEMEUSDT,1h,0.002465,3.4293742195017725,-1.3727198692876468,-1.3727198692876468,2.9952847656659927,14,Bullish,Above
2025-09-05 19:04:25,BICOUSDT,1h,0.09421,-3.421376128488808,-1.311036363014789,-1.311036363014789,-21.292132167053595,2,Bearish,Below
2025-09-05 19:04:25,EDUUSDT,1h,0.1282,-3.4185222265134625,-1.1947699682440807,-1.1947699682440807,-17.32506542509293,2,Bearish,Below
2025-09-05 19:04:25,PROMUSDT,1h,8.936,-3.408690357223813,-1.8018309043958198,-1.8018309043958198,-4.81925734148205,39,Bearish,Below
2025-09-05 19:04:25,MEUSDT,1h,0.6518,-3.4085249684886834,-1.59098243110416,-1.59098243110416,-23.860554054204577,2,Bearish,Below
2025-09-05 19:04:25,CVCUSDT,1h,0.08722,-3.402892513445973,-1.2676761868673918,-1.2676761868673918,-22.046781633456675,2,Bearish,Below
2025-09-05 19:04:25,DOGEUSDT,1h,0.21385,-3.3670915959999417,-0.8924631166524373,-0.8924631166524373,-24.205994305550064,2,Bearish,Below
2025-09-05 19:04:25,VTHOUSDT,1h,0.001812,-3.358982848738444,-1.1975337775498476,-1.1975337775498476,-25.17945642348389,2,Bearish,Below
2025-09-05 19:04:25,XCNUSDT,1h,0.01061,3.354336307002328,-0.6102956222681467,-0.6102956222681467,3.298755600194312,12,Bullish,Above
2025-09-05 19:04:25,MAVIAUSDT,1h,0.1391,3.3465074250481224,-1.1521303527017772,-1.1521303527017772,5.437789845875656,9,Bullish,Above
2025-09-05 19:04:25,PEOPLEUSDT,1h,0.01839,3.3459443512115827,-0.11495345031265547,-0.11495345031265547,12.450566467700526,9,Bullish,Above
2025-09-05 19:04:25,NEARUSDT,1h,2.388,-3.344826977468503,-0.8723807238187354,-0.8723807238187354,-23.819957356871654,2,Bearish,Below
2025-09-05 19:04:25,RIFUSDT,1h,0.05563,-3.3330102019214007,-1.1164069080541663,-1.1164069080541663,-25.058407746851067,2,Bearish,Below
2025-09-05 19:04:25,MTLUSDT,1h,0.6909,-3.331620545342775,-1.420754691908626,-1.420754691908626,-26.078467767417237,2,Bearish,Below
2025-09-05 19:04:25,VETUSDT,1h,0.023358,-3.33090802518538,-0.7989968015914437,-0.7989968015914437,-26.09720871928146,2,Bearish,Below
2025-09-05 19:04:25,ICXUSDT,1h,0.126,-3.3284038573463457,-1.1940333931397475,-1.1940333931397475,-25.34158197826811,2,Bearish,Below
2025-09-05 19:04:25,JUPUSDT,1h,0.4869,-3.312588530153435,-1.0901540288889235,-1.0901540288889235,-18.89791270419736,2,Bearish,Below
2025-09-05 19:04:25,OXTUSDT,1h,0.05241,-3.310994650230569,-1.5117398542786968,-1.5117398542786968,-20.654727924205112,2,Bearish,Below
2025-09-05 19:04:25,ZETAUSDT,1h,0.1766,-3.2979272288804555,-1.3759828959637321,-1.3759828959637321,-22.85328374916636,2,Bearish,Below
2025-09-05 19:04:25,FLMUSDT,1h,0.0275,3.293959037384349,-0.5576409733410671,-0.5576409733410671,10.903082923353374,9,Bullish,Above
2025-09-05 19:04:25,PORTALUSDT,1h,0.04053,3.2906117015146847,-0.9412529063948887,-0.9412529063948887,1.8976961646335795,11,Bullish,Above
2025-09-05 19:04:25,HEIUSDT,1h,0.4148,3.278961546324067,-1.2003055945277237,-1.2003055945277237,30.75550949103566,29,Bullish,Above
2025-09-05 19:04:25,KSMUSDT,1h,14.977,-3.2711341781495844,-0.9856562276131264,-0.9856562276131264,-22.234216900045126,2,Bearish,Below
2025-09-05 19:04:25,RENDERUSDT,1h,3.413,-3.2615023088223185,-0.5829697149455958,-0.5829697149455958,-24.287143176459423,2,Bearish,Below
2025-09-05 19:04:25,BROCCOLIF3BUSDT,1h,0.009822,3.2604071335951788,0.4478724910136956,0.4478724910136956,6.541755143259117,6,Bullish,Above
2025-09-05 19:04:25,REIUSDT,1h,0.01603,-3.2493688043073754,-1.173778825584857,-1.173778825584857,-20.0671008204012,2,Bearish,Below
2025-09-05 19:04:25,POLYXUSDT,1h,0.12611,-3.247958914450978,-1.524811510319654,-1.524811510319654,-20.582548670101843,2,Bearish,Below
2025-09-05 19:04:25,STGUSDT,1h,0.157,-3.242468413739215,-1.0605850171999907,-1.0605850171999907,-23.980214564616567,2,Bearish,Below
2025-09-05 19:04:25,VIRTUALUSDT,1h,1.0731,3.2190525683458495,-1.1552733917833058,-1.1552733917833058,4.357910327495048,12,Bullish,Above
2025-09-05 19:04:25,LSKUSDT,1h,0.3602,-3.2142597573308347,-1.4015708999537326,-1.4015708999537326,-25.668895580669925,2,Bearish,Below
2025-09-05 19:04:25,JTOUSDT,1h,1.8291,-3.210546214778594,-1.5450016649793994,-1.5450016649793994,-4.8035176196728635,21,Bearish,Below
2025-09-05 19:04:25,COMPUSDT,1h,43.2,3.2028567103229877,-0.3056103362439377,-0.3056103362439377,4.3009636443986,11,Bullish,Above
2025-09-05 19:04:25,APTUSDT,1h,4.2427,-3.2025326514121377,-1.58159159051082,-1.58159159051082,-20.617473724758483,2,Bearish,Below
2025-09-05 19:04:25,1INCHUSDT,1h,0.2424,-3.20028994795578,-0.9252320907578646,-0.9252320907578646,-23.482668072498377,2,Bearish,Below
2025-09-05 19:04:25,WAXPUSDT,1h,0.01943,-3.184056660079316,-1.3809321877812766,-1.3809321877812766,-25.953902765734355,2,Bearish,Below
2025-09-05 19:04:25,BIGTIMEUSDT,1h,0.0508,-3.1787239852223586,-1.14964080176191,-1.14964080176191,-21.19973957797187,2,Bearish,Below
2025-09-05 19:04:25,ARKUSDT,1h,0.4249,-3.175459172428429,-1.0717614862179223,-1.0717614862179223,-20.746672816425942,2,Bearish,Below
2025-09-05 19:04:25,TAOUSDT,1h,317.03,-3.1692514986736287,-0.801459870073406,-0.801459870073406,-19.777046914083904,2,Bearish,Below
2025-09-05 19:04:25,SCRTUSDT,1h,0.1695,-3.1672913694561355,-1.2807011708518918,-1.2807011708518918,-20.390431326995895,2,Bearish,Below
2025-09-05 19:04:25,FETUSDT,1h,0.604,-3.155860090399096,-0.6331865538909733,-0.6331865538909733,-21.72743802006486,2,Bearish,Below
2025-09-05 19:04:25,1000CATUSDT,1h,0.007028,3.1385486812176686,-0.36695180805312405,-0.36695180805312405,9.473567337485186,9,Bullish,Above
2025-09-05 19:04:25,RESOLVUSDT,1h,0.1447,3.1249047827539944,-0.4127883336863121,-0.4127883336863121,10.951818181066947,9,Bullish,Above
2025-09-05 19:04:25,ONGUSDT,1h,0.16195,-3.101788017445529,-1.5658719777913819,-1.5658719777913819,-20.15146185210463,2,Bearish,Below
2025-09-05 19:04:25,GUSDT,1h,0.01106,-3.0994920201929004,-1.5116858847650534,-1.5116858847650534,-21.632721382663824,2,Bearish,Below
2025-09-05 19:04:25,DUSDT,1h,0.03137,-3.094978230621551,-1.0015534949790237,-1.0015534949790237,-23.787552391092177,2,Bearish,Below
2025-09-05 19:04:25,RAREUSDT,1h,0.0535,3.0897084520196607,-1.5987491705356867,-1.5987491705356867,7.633239428075527,16,Bullish,Above
2025-09-05 19:04:25,HBARUSDT,1h,0.21708,-3.0679076717121436,-0.5486256654600628,-0.5486256654600628,-26.13737071643572,2,Bearish,Below
2025-09-05 19:04:25,FORTHUSDT,1h,2.719,-3.0614105218377796,-1.1257147631496414,-1.1257147631496414,-22.74634281155629,2,Bearish,Below
2025-09-05 19:04:25,LPTUSDT,1h,6.76,3.0519854844457406,-0.6003633002688556,-0.6003633002688556,8.333697769587069,9,Bullish,Above
2025-09-05 19:04:25,WIFUSDT,1h,0.8019,3.0511933477575317,-0.545332800037791,-0.545332800037791,10.096952262067262,9,Bullish,Above
2025-09-05 19:04:25,MAGICUSDT,1h,0.1969,3.041351806910928,-1.2300931164315065,-1.2300931164315065,10.318025877466852,16,Bullish,Above
2025-09-05 19:04:25,TRBUSDT,1h,33.553,3.033184838365719,-0.44274434792205963,-0.44274434792205963,7.80992680690229,9,Bullish,Above
2025-09-05 19:04:25,CHZUSDT,1h,0.03906,-3.0081242667456576,-1.037938475154018,-1.037938475154018,-25.000339025091527,2,Bearish,Below
2025-09-05 19:04:25,SONICUSDT,1h,0.1907,-3.004875170722774,-1.1846299560098181,-1.1846299560098181,-23.56937190211407,2,Bearish,Below
2025-09-05 19:04:25,ZENUSDT,1h,7.076,-2.990953732790808,-0.30080052759523396,-0.30080052759523396,-24.5410435136001,2,Bearish,Below
2025-09-05 19:04:25,ATOMUSDT,1h,4.411,-2.9692705135937603,-0.6777087312715925,-0.6777087312715925,-23.16601991196194,2,Bearish,Below
2025-09-05 19:04:25,1000000BOBUSDT,1h,0.0552,2.964305984731117,0.02859208337634539,0.02859208337634539,3.864546631200035,6,Bullish,Above
2025-09-05 19:04:25,VINEUSDT,1h,0.06364,2.9628008439757303,-0.9163166957282856,-0.9163166957282856,4.376031710909118,9,Bullish,Above
2025-09-05 19:04:25,AUCTIONUSDT,1h,9.465,-2.9586982154595503,-1.3436355015150627,-1.3436355015150627,-24.164890732904993,2,Bearish,Below
2025-09-05 19:04:25,AIUSDT,1h,0.12059,2.9439949601226396,0.018733442720543357,0.018733442720543357,6.572250445396314,9,Bullish,Above
2025-09-05 19:04:25,IOSTUSDT,1h,0.003206,-2.9434979718333194,-1.047017921784128,-1.047017921784128,-21.284071225663943,2,Bearish,Below
2025-09-05 19:04:25,HUMAUSDT,1h,0.023936,2.942476109086277,-1.4647442623692988,-1.4647442623692988,23.60003512785901,24,Bullish,Above
2025-09-05 19:04:25,STORJUSDT,1h,0.2511,-2.9165688262509146,-0.8793125171490386,-0.8793125171490386,-23.089973460101348,2,Bearish,Below
2025-09-05 19:04:25,OPUSDT,1h,0.7066,2.916311404747626,-0.33834007063339183,-0.33834007063339183,12.778084052919944,9,Bullish,Above
2025-09-05 19:04:25,OMNIUSDT,1h,3.103,2.9128831230098533,-0.25936349504583,-0.25936349504583,7.149722723630724,7,Bullish,Above
2025-09-05 19:04:25,LAYERUSDT,1h,0.5015,-2.882732713447943,-1.4472313280579145,-1.4472313280579145,-16.94851418632701,2,Bearish,Below
2025-09-05 19:04:25,ANKRUSDT,1h,0.01461,-2.8751772222147696,-1.3468821576192203,-1.3468821576192203,-23.048721377758888,2,Bearish,Below
2025-09-05 19:04:25,RVNUSDT,1h,0.01287,-2.866914690085675,-0.8221694329433743,-0.8221694329433743,-26.153068370604224,2,Bearish,Below
2025-09-05 19:04:25,SXPUSDT,1h,0.169,-2.838355241968578,-1.0386677689005277,-1.0386677689005277,-21.74131686055847,2,Bearish,Below
2025-09-05 19:04:25,1MBABYDOGEUSDT,1h,0.0011574,-2.8304002920275932,-0.5655164077339525,-0.5655164077339525,-19.742220074465827,2,Bearish,Below
2025-09-05 19:04:25,TWTUSDT,1h,0.7211,-2.8260695833632647,-1.3968777794983092,-1.3968777794983092,-11.904453369326077,76,Bearish,Below
2025-09-05 19:04:25,BTCUSDT,1h,110573.0,-2.823566270934986,-1.438986953738488,-1.438986953738488,-23.892903364445324,2,Bearish,Below
2025-09-05 19:04:25,NEIROUSDT,1h,0.0003353,2.8185421202537806,-0.5033503239310668,-0.5033503239310668,12.989671386028824,9,Bullish,Above
2025-09-05 19:04:25,SHELLUSDT,1h,0.1152,2.8045779758297087,-1.6428063264486137,-1.6428063264486137,9.104840050751662,19,Bullish,Above
2025-09-05 19:04:25,TIAUSDT,1h,1.6048,2.8030466510852654,-0.13988487235675218,-0.13988487235675218,9.487551964574884,9,Bullish,Above
2025-09-05 19:04:25,MASKUSDT,1h,1.2168,-2.795476124125431,-1.2705478689239162,-1.2705478689239162,-18.579028142437707,2,Bearish,Below
2025-09-05 19:04:25,KERNELUSDT,1h,0.1834,2.785745125231795,-1.3525037177642416,-1.3525037177642416,5.981585982039071,13,Bullish,Above
2025-09-05 19:04:25,1000PEPEUSDT,1h,0.0095904,-2.784989160330011,-0.42032568479750826,-0.42032568479750826,-22.92836243389177,2,Bearish,Below
2025-09-05 19:04:25,AVAUSDT,1h,0.5271,-2.7767535522851725,-1.0091218473146215,-1.0091218473146215,-22.853954679410876,2,Bearish,Below
2025-09-05 19:04:25,VANRYUSDT,1h,0.02671,-2.7286588871618966,-0.19823041141933706,-0.19823041141933706,-23.845747761573698,2,Bearish,Below
2025-09-05 19:04:25,POLUSDT,1h,0.27778,2.6946323487947277,-1.8278232857163046,-1.8278232857163046,10.134961275873536,29,Bullish,Above
2025-09-05 19:04:25,KOMAUSDT,1h,0.02209,2.662383943290323,-1.3001788808049688,-1.3001788808049688,14.232781655527141,16,Bullish,Above
2025-09-05 19:04:25,SUSDT,1h,0.3048,-2.659935751364618,-0.5647117010442222,-0.5647117010442222,-22.740931721107344,2,Bearish,Below
2025-09-05 19:04:25,1000CHEEMSUSDT,1h,0.0011386,2.643664566452532,-0.2844274785893791,-0.2844274785893791,8.706283275831112,51,Bullish,Above
2025-09-05 19:04:25,GASUSDT,1h,3.18,-2.6316624750756286,-1.1019567950144202,-1.1019567950144202,-22.123940906995415,2,Bearish,Below
2025-09-05 19:04:25,UXLINKUSDT,1h,0.3106,-2.6015675196202186,-1.512417122167578,-1.512417122167578,-21.28897542897561,2,Bearish,Below
2025-09-05 19:04:25,GALAUSDT,1h,0.01596,2.599274834633454,-0.38546432929889346,-0.38546432929889346,12.552450746094145,9,Bullish,Above
2025-09-05 19:04:25,1000XUSDT,1h,0.04797,2.5629269878195746,-1.398073085590417,-1.398073085590417,4.7826498898726015,13,Bullish,Above
2025-09-05 19:04:25,BROCCOLI714USDT,1h,0.02292,2.549405313700341,-1.511917799838363,-1.511917799838363,3.459524054401456,16,Bullish,Above
2025-09-05 19:04:25,FILUSDT,1h,2.316,2.5462775419772696,-0.04501414624106283,-0.04501414624106283,9.841019717950275,9,Bullish,Above
2025-09-05 19:04:25,SWELLUSDT,1h,0.008992,2.544659982973121,-1.8581464781340469,-1.8581464781340469,6.093949894260859,15,Bullish,Above
2025-09-05 19:04:25,TRXUSDT,1h,0.33183,-2.533152534457581,-1.8425737745259179,-1.8425737745259179,-18.96648478097717,2,Bearish,Below
2025-09-05 19:04:25,TUSDT,1h,0.01587,-2.5271913976476377,-0.6776432357677546,-0.6776432357677546,-22.411201147484725,2,Bearish,Below
2025-09-05 19:04:25,NMRUSDT,1h,12.925,2.506216101888587,-1.3120867996419063,-1.3120867996419063,9.839143104944739,9,Bullish,Above
2025-09-05 19:04:25,C98USDT,1h,0.0484,2.501648124495701,-0.686902522556736,-0.686902522556736,8.228188154629215,9,Bullish,Above
2025-09-05 19:04:25,GOATUSDT,1h,0.08077,2.5009494649678006,-0.8805749471180299,-0.8805749471180299,10.832085987743369,9,Bullish,Above
2025-09-05 19:04:25,ALTUSDT,1h,0.03121,2.4885960586815936,-0.5122529460296943,-0.5122529460296943,11.210965808613999,9,Bullish,Above
2025-09-05 19:04:25,AXSUSDT,1h,2.352,2.482201553182291,-0.5438680991102185,-0.5438680991102185,11.177229356458653,9,Bullish,Above
2025-09-05 19:04:25,ZILUSDT,1h,0.0112,2.47561065467936,-0.40584187698047,-0.40584187698047,13.214580216818305,9,Bullish,Above
2025-09-05 19:04:25,TSTUSDT,1h,0.02319,2.4550598286961685,-1.4023922072653743,-1.4023922072653743,5.6438924894157125,13,Bullish,Above
2025-09-05 19:04:25,YFIUSDT,1h,5219.0,-2.453595708925736,-0.7456867127645173,-0.7456867127645173,-25.70710814168566,2,Bearish,Below
2025-09-05 19:04:25,SFPUSDT,1h,0.4554,-2.424260769696273,-1.125586505965796,-1.125586505965796,-24.084536349293124,2,Bearish,Below
2025-09-05 19:04:25,QNTUSDT,1h,101.55,2.3915270112875127,-0.6744810214664441,-0.6744810214664441,15.936776011579944,12,Bullish,Above
2025-09-05 19:04:25,BSVUSDT,1h,25.51,-2.369558428016628,-1.1159146209257924,-1.1159146209257924,-18.058980124651434,2,Bearish,Below
2025-09-05 19:04:25,SIGNUSDT,1h,0.0724,2.34621227301429,-0.5304794037103543,-0.5304794037103543,11.92437036782973,9,Bullish,Above
2025-09-05 19:04:25,STEEMUSDT,1h,0.12933,-2.3256291936642923,-0.7641808681457744,-0.7641808681457744,-21.814506329786504,2,Bearish,Below
2025-09-05 19:04:25,FIDAUSDT,1h,0.08441,2.322712331682955,-0.8387757934844733,-0.8387757934844733,9.676624651496624,9,Bullish,Above
2025-09-05 19:04:25,APEUSDT,1h,0.5733,2.3077969362350412,-0.12341963085053223,-0.12341963085053223,9.447328843128972,9,Bullish,Above
2025-09-05 19:04:25,BANANAS31USDT,1h,0.006222,2.3043501338759826,-0.31176077940850544,-0.31176077940850544,7.469860404347479,3,Bullish,Above
2025-09-05 19:04:25,CAKEUSDT,1h,2.3692,-2.2924967173677038,-0.8261751104001757,-0.8261751104001757,-23.889693395944086,2,Bearish,Below
2025-09-05 19:04:25,WLDUSDT,1h,0.8815,2.279382055756942,-0.5699442217707015,-0.5699442217707015,18.664932966568387,9,Bullish,Above
2025-09-05 19:04:25,ZRXUSDT,1h,0.2652,2.239084189282612,-1.2759422405383067,-1.2759422405383067,0.8287473115801376,10,Bullish,Above
2025-09-05 19:04:25,CUDISUSDT,1h,0.07685,2.2349135421695294,-1.7844581469376468,-1.7844581469376468,3.237579593725613,13,Bullish,Above
2025-09-05 19:04:25,SIRENUSDT,1h,0.09106,2.2274302439704825,-1.4079793787005226,-1.4079793787005226,15.432880516228707,24,Bullish,Above
2025-09-05 19:04:25,ASTRUSDT,1h,0.023013,2.2157838605966726,-0.677412644941564,-0.677412644941564,5.28575438490023,11,Bullish,Above
2025-09-05 19:04:25,VICUSDT,1h,0.2221,2.190636124237999,-0.551970122676281,-0.551970122676281,9.84589176489871,9,Bullish,Above
2025-09-05 19:04:25,ADAUSDT,1h,0.8228,2.184379174192148,-0.4331916279467687,-0.4331916279467687,9.21504085303151,9,Bullish,Above
2025-09-05 19:04:25,1000XECUSDT,1h,0.01937,-2.1830812796711334,-0.7912559899939539,-0.7912559899939539,-20.792774950535062,2,Bearish,Below
2025-09-05 19:04:25,LISTAUSDT,1h,0.2417,2.182135662831497,-1.037065871472499,-1.037065871472499,8.885349300633152,9,Bullish,Above
2025-09-05 19:04:25,1000SATSUSDT,1h,3.49e-05,2.1777342308743495,-0.9207747210665377,-0.9207747210665377,6.028590404269039,9,Bullish,Above
2025-09-05 19:04:25,USTCUSDT,1h,0.01317,-2.1661258925145135,-1.203913872756636,-1.203913872756636,-17.854999414961497,2,Bearish,Below
2025-09-05 19:04:25,ILVUSDT,1h,13.538,2.1538629468723616,-1.3770968745364194,-1.3770968745364194,3.864945701106187,10,Bullish,Above
2025-09-05 19:04:25,QUICKUSDT,1h,0.02561,2.153073194646534,-1.6257266650643722,-1.6257266650643722,2.400796280798197,14,Bullish,Above
2025-09-05 19:04:25,DENTUSDT,1h,0.000729,2.145649059373257,-1.4699368305197678,-1.4699368305197678,2.63890108134774,12,Bullish,Above
2025-09-05 19:04:25,STRKUSDT,1h,0.122,2.145123794634936,-0.6122586942745566,-0.6122586942745566,9.775731536768745,9,Bullish,Above
2025-09-05 19:04:25,HIVEUSDT,1h,0.1995,-2.119230380672442,-0.5752987422746907,-0.5752987422746907,-20.526589348267194,2,Bearish,Below
2025-09-05 19:04:25,GLMUSDT,1h,0.23091,2.118756132171816,-1.6681133779021644,-1.6681133779021644,14.282800284838686,16,Bullish,Above
2025-09-05 19:04:25,OGNUSDT,1h,0.061,2.099322990866033,-1.3996004234491541,-1.3996004234491541,3.6468933737787523,12,Bullish,Above
2025-09-05 19:04:25,ATAUSDT,1h,0.0441,2.0720028560530017,-0.9950525510078893,-0.9950525510078893,11.20116482554247,9,Bullish,Above
2025-09-05 19:04:25,JOEUSDT,1h,0.15746,2.056554264342625,-1.2136455567081412,-1.2136455567081412,8.61093225642238,9,Bullish,Above
2025-09-05 19:04:25,MOCAUSDT,1h,0.06695,2.035518240950303,-0.7011977643779548,-0.7011977643779548,12.31336713247778,9,Bullish,Above
2025-09-05 19:04:25,MILKUSDT,1h,0.04038,2.0192660032381977,-0.7837950575464906,-0.7837950575464906,3.917349496005123,8,Bullish,Above
2025-09-05 19:04:25,XTZUSDT,1h,0.712,2.0180261491091196,-0.6127407800517171,-0.6127407800517171,13.449517105515831,9,Bullish,Above
2025-09-05 19:04:25,VANAUSDT,1h,3.885,-2.0020651500749085,0.1855599593426236,0.1855599593426236,-19.95979796187485,2,Bearish,Below
2025-09-05 19:04:25,1000SHIBUSDT,1h,0.012273,1.985457949449512,-0.10030284277797262,-0.10030284277797262,10.162663345950492,9,Bullish,Above
2025-09-05 19:04:25,CYBERUSDT,1h,1.713,1.955194435204857,-1.250367657579201,-1.250367657579201,10.61038282270735,16,Bullish,Above
2025-09-05 19:04:25,BTCDOMUSDT,1h,3968.5,1.8929460350071852,0.7058851396845168,0.7058851396845168,8.662524845461242,22,Bullish,Above
2025-09-05 19:04:25,STXUSDT,1h,0.614,1.8641823125325574,-0.9203127368643754,-0.9203127368643754,13.622582966184488,9,Bullish,Above
2025-09-05 19:04:25,CARVUSDT,1h,0.293,-1.8531603905963847,-0.977950689178889,-0.977950689178889,-3.6386415375779606,22,Bearish,Below
2025-09-05 19:04:25,ICPUSDT,1h,4.746,1.8385767853773878,-0.8017923636226744,-0.8017923636226744,15.969096595628898,9,Bullish,Above
2025-09-05 19:04:25,ALPHAUSDT,1h,0.01419,1.8156915603230837,-1.1175954580452885,-1.1175954580452885,9.302788536434619,9,Bullish,Above
2025-09-05 19:04:25,FUNUSDT,1h,0.009458,1.7621712177563724,0.10294814573016499,0.10294814573016499,0.3971385938851242,11,Bullish,Above
2025-09-05 19:04:25,HOTUSDT,1h,0.00092,1.7267222281680155,-1.1875414757098322,-1.1875414757098322,10.42167979662878,9,Bullish,Above
2025-09-05 19:04:25,XLMUSDT,1h,0.35893,1.6859677377950626,-0.6087403768598197,-0.6087403768598197,7.915878153634026,9,Bullish,Above
2025-09-05 19:04:25,DASHUSDT,1h,23.54,1.6356558783170307,-1.0847648460704502,-1.0847648460704502,10.563215020480598,9,Bullish,Above
2025-09-05 19:04:25,DOTUSDT,1h,3.8,1.6311376939238749,-0.5844413198474872,-0.5844413198474872,11.704789372179754,9,Bullish,Above
2025-09-05 19:04:25,AVAXUSDT,1h,24.248,1.5626036549122664,-1.283887334881333,-1.283887334881333,12.424800129266124,9,Bullish,Above
2025-09-05 19:04:25,PHAUSDT,1h,0.1007,1.55343433685744,-0.9473420195578265,-0.9473420195578265,17.285365175310744,9,Bullish,Above
2025-09-05 19:04:25,1000LUNCUSDT,1h,0.05876,1.5387983904796252,-0.7085339706370477,-0.7085339706370477,15.06432552893876,11,Bullish,Above
2025-09-05 19:04:25,JSTUSDT,1h,0.033915,-1.5282049548870407,-1.3699249661552317,-1.3699249661552317,-0.7262900404585011,1,Bearish,Below
2025-09-05 19:04:25,HYPERUSDT,1h,0.2898,1.4853114485268175,-1.4075953882080896,-1.4075953882080896,8.472689041355352,9,Bullish,Above
2025-09-05 19:04:25,BANDUSDT,1h,0.7131,1.4742453828514333,-1.2136635576085,-1.2136635576085,16.41946387847065,9,Bullish,Above
2025-09-05 19:04:25,CELOUSDT,1h,0.291,1.4685596128767704,-1.5192353554564826,-1.5192353554564826,8.220083662329777,4,Bullish,Above
2025-09-05 19:04:25,XMRUSDT,1h,265.52,1.416356380953206,-1.228815318366268,-1.228815318366268,1.717610518552199,65,Bullish,Above
2025-09-05 19:04:25,KAVAUSDT,1h,0.3705,1.4084279524121068,-0.5869213342459815,-0.5869213342459815,5.490140133854986,28,Bullish,Above
2025-09-05 19:04:25,PAXGUSDT,1h,3592.0,1.3853410303652947,1.4234330408049318,1.4234330408049318,15.862014824367023,4,Bullish,Above
2025-09-05 19:04:25,KAIAUSDT,1h,0.1461,1.3430769723071372,-0.554765852874595,-0.554765852874595,12.349145200757519,4,Bullish,Above
2025-09-05 19:04:25,MAVUSDT,1h,0.07566,1.3033428373308746,-1.2378415109128054,-1.2378415109128054,1.491952390401238,7,Bullish,Above
2025-09-05 19:04:25,FIOUSDT,1h,0.01904,1.2367558827173113,-1.0716946547687551,-1.0716946547687551,4.971854259868081,4,Bullish,Above
2025-09-05 19:04:25,DEGENUSDT,1h,0.003073,1.2222431701655152,-1.352094966182398,-1.352094966182398,12.056284436011751,9,Bullish,Above
2025-09-05 19:04:25,GMTUSDT,1h,0.04075,1.183186640826825,-1.2484269589470334,-1.2484269589470334,9.877947630558332,9,Bullish,Above
2025-09-05 19:04:25,SOPHUSDT,1h,0.029059,1.181879128130326,-0.807270524308917,-0.807270524308917,12.371383625294762,4,Bullish,Above
2025-09-05 19:04:25,CHESSUSDT,1h,0.0701,1.1601545450598258,-1.2671741101044367,-1.2671741101044367,10.046073891696999,9,Bullish,Above
2025-09-05 19:04:25,LUNA2USDT,1h,0.1456,1.1406903956330767,-1.0512546963457237,-1.0512546963457237,6.909539221664481,9,Bullish,Above
2025-09-05 19:04:25,MELANIAUSDT,1h,0.1909,1.14066578004093,-0.13277006121412965,-0.13277006121412965,3.5863847857911253,3,Bullish,Above
2025-09-05 19:04:25,SPELLUSDT,1h,0.0004699,1.137109697269072,-1.2533724982268035,-1.2533724982268035,11.620731687083236,9,Bullish,Above
2025-09-05 19:04:25,CTSIUSDT,1h,0.0743,1.1333655419085291,-1.4274851808980984,-1.4274851808980984,6.2212373078683925,9,Bullish,Above
2025-09-05 19:04:25,IPUSDT,1h,7.9229,0.909504113086949,-1.1428800645521344,-1.1428800645521344,6.682167242810586,12,Bullish,Above
2025-09-05 19:04:25,CFXUSDT,1h,0.1698,0.900388522413648,-1.4977404827607943,-1.4977404827607943,9.767649367695078,9,Bullish,Above
2025-09-05 19:04:25,ZECUSDT,1h,40.72,0.8400770200798555,-1.5966448062480043,-1.5966448062480043,2.372970426966546,14,Bullish,Above
2025-09-05 19:04:25,ACHUSDT,1h,0.019198,0.7860138794811715,-1.1420395695370595,-1.1420395695370595,8.045739223060757,4,Bullish,Above
2025-09-05 19:04:25,TRUMPUSDT,1h,8.311,0.7839385799341819,-1.250038963086907,-1.250038963086907,8.998492123096256,9,Bullish,Above
2025-09-05 19:04:25,BNBUSDT,1h,848.83,0.7322489436930149,-0.24497611055240423,-0.24497611055240423,7.301807558089337,4,Bullish,Above
2025-09-05 19:04:25,MOVRUSDT,1h,5.7,0.7184529697125744,-1.570787581696743,-1.570787581696743,12.281053069336217,9,Bullish,Above
2025-09-05 19:04:25,1000WHYUSDT,1h,2.76e-05,0.5565897040131746,-2.31308022690809,-2.31308022690809,8.232031488385132,9,Bullish,Above
2025-09-05 19:04:25,API3USDT,1h,0.9669,0.3831999270983429,-1.5459946271898435,-1.5459946271898435,8.181214699020899,9,Bullish,Above
2025-09-05 19:04:25,USDCUSDT,1h,0.999202,-0.016205785056270173,0.026753189605552476,0.026753189605552476,-14.837825382565569,3,Bearish,Below
